# Blender 5.2.2 LTS
# www.blender.org
mtllib crushed_can.mtl
o can_crushed_lowpoly_01
v -0.404900 3.862299 -5.789600
v -0.128200 4.498499 -5.217401
v -0.099800 3.862299 -5.789600
v -0.404900 4.498499 -5.217401
v 0.593900 3.862299 -5.789600
v 1.056400 4.498499 -5.217401
v 1.056400 3.757200 -5.925701
v 0.593900 4.498499 -5.217401
v -0.292100 3.513799 -6.157801
v -0.432100 2.213500 -7.407300
v -0.867400 2.213500 -7.407300
v -0.867400 3.563299 -6.111801
v 0.288800 3.862299 -5.789600
v 0.317200 4.498499 -5.217401
v -0.019900 3.377399 -6.290201
v -0.128200 2.213500 -7.407300
v 0.481100 3.513799 -6.157801
v 1.056400 2.213500 -7.407300
v 0.621000 2.213500 -7.407300
v 1.056400 3.563299 -6.111801
v -0.867400 3.757200 -5.925701
v 0.208900 3.377399 -6.290201
v 0.317200 2.213500 -7.407300
v -0.340700 3.468899 -5.906200
v -0.001700 3.276500 -5.962700
v 0.190700 3.276500 -5.962700
v 0.529700 3.468899 -5.906200
v -0.867400 4.498499 -5.217401
vn 0.0146 0.6091 -0.7930
vn -0.0000 0.6687 -0.7435
vn 0.0001 0.4882 -0.8727
vn 0.0152 0.6747 -0.7379
vn -0.0146 0.6091 -0.7930
vn -0.0303 0.6806 -0.7320
vn -0.0252 0.7029 -0.7108
vn -0.0152 0.6747 -0.7379
vn 0.0070 0.7005 -0.7137
vn -0.0002 0.6927 -0.7212
vn 0.0010 0.6927 -0.7212
vn 0.0123 0.7057 -0.7084
vn -0.0001 0.4882 -0.8727
vn -0.0010 0.6926 -0.7213
vn -0.0008 0.6926 -0.7213
vn -0.0071 0.7006 -0.7135
vn -0.0010 0.6927 -0.7212
vn 0.0002 0.6927 -0.7212
vn -0.0123 0.7057 -0.7084
vn 0.0252 0.7029 -0.7108
vn 0.0011 0.6926 -0.7213
vn 0.0008 0.6926 -0.7213
vn 0.0008 0.2837 -0.9589
vn 0.0004 0.2834 -0.9590
vn -0.0004 0.2834 -0.9590
vn -0.0008 0.2837 -0.9589
vn 0.0303 0.6806 -0.7320
vt 0.065500 0.932900
vt 0.013500 0.916100
vt 0.065500 0.914400
vt 0.013500 0.932900
vt 0.065500 0.872200
vt 0.013500 0.844100
vt 0.075800 0.844100
vt 0.013500 0.872200
vt 0.096200 0.926100
vt 0.205800 0.934600
vt 0.205800 0.961000
vt 0.092100 0.961000
vt 0.065500 0.890800
vt 0.013500 0.889000
vt 0.107800 0.909500
vt 0.205800 0.916100
vt 0.096200 0.879000
vt 0.205800 0.844100
vt 0.205800 0.870500
vt 0.092100 0.844100
vt 0.075800 0.961000
vt 0.107800 0.895600
vt 0.205800 0.889000
vt 0.093300 0.926100
vt 0.102600 0.908400
vt 0.102600 0.896700
vt 0.092700 0.879200
vt 0.013500 0.961000
s 1
usemtl can_crushed_lowpoly
f 1/1/1 2/2/2 3/3/3
f 2/2/2 1/1/1 4/4/4
f 5/5/5 6/6/6 7/7/7
f 6/6/6 5/5/5 8/8/8
f 9/9/9 10/10/10 11/11/11
f 11/11/11 12/12/12 9/9/9
f 13/13/13 14/14/2 5/5/5
f 5/5/5 14/14/2 8/8/8
f 10/10/10 15/15/14 16/16/15
f 15/15/14 10/10/10 9/9/9
f 17/17/16 18/18/17 19/19/18
f 18/18/17 17/17/16 20/20/19
f 9/9/9 21/21/20 1/1/1
f 21/21/20 9/9/9 12/12/12
f 22/22/21 19/19/18 23/23/22
f 17/17/16 19/19/18 22/22/21
f 3/3/3 14/14/2 13/13/13
f 14/14/2 3/3/3 2/2/2
f 16/16/15 15/15/14 23/23/22
f 23/23/22 15/15/14 22/22/21
f 24/24/23 3/3/3 25/25/24
f 3/3/3 24/24/23 1/1/1
f 17/17/16 7/7/7 20/20/19
f 7/7/7 17/17/16 5/5/5
f 26/26/25 13/13/13 27/27/26
f 27/27/26 13/13/13 5/5/5
f 1/1/1 28/28/27 4/4/4
f 28/28/27 1/1/1 21/21/20
f 25/25/24 3/3/3 26/26/25
f 26/26/25 3/3/3 13/13/13
o can_crushed_lowpoly_02
v 1.082700 3.263299 -5.956000
v 1.091700 3.587800 -5.859800
v 2.465700 3.132499 -5.956700
v 2.336600 2.733999 -6.069200
v 0.905600 3.320600 -5.939001
v 0.887400 3.694700 -5.827301
v 0.262000 2.411799 -6.196100
v 0.058900 2.262399 -6.235900
v -0.076300 2.467799 -6.181000
v 0.071800 1.706800 -6.375400
v -0.243300 1.761700 -6.362200
v -0.153200 1.889899 -6.330800
v 0.043700 1.849000 -6.340900
v -0.026400 1.957900 -6.313900
v -0.348600 2.052700 -6.290100
v -0.199300 2.139600 -6.267800
v 0.237000 2.052299 -6.290200
v 0.333800 1.924100 -6.322300
v 0.422400 1.776700 -6.358600
v 0.603200 1.267600 -6.436000
v 0.103600 1.209400 -6.448800
v -0.383200 1.253299 -6.439100
v -2.271100 2.610800 -6.587200
v -2.030600 2.207000 -6.690900
v -2.034200 2.172699 -6.534800
v -2.276500 2.579400 -6.430200
v -2.251800 2.569600 -6.300600
v -2.415600 2.996000 -6.179900
v -2.439900 3.010099 -6.307300
v -2.499600 3.433000 -6.048700
v -2.368900 3.008199 -6.195700
v -2.451300 3.436899 -6.066401
v -2.373100 2.983099 -6.025900
v -2.458600 3.412800 -5.901101
v -2.209300 2.564899 -6.143400
v -2.207700 2.590300 -6.314500
v -3.015100 2.700099 -4.985000
v -3.154900 3.245699 -4.855900
v -4.557500 3.245700 -0.301600
v -4.169400 3.415100 -0.239600
v -4.191900 3.367900 -0.346700
v -4.585300 3.205400 -0.407900
v -3.575500 3.514500 -0.127300
v -3.596300 3.460100 -0.280500
v 3.587700 3.475400 -0.267800
v 2.861300 3.509300 -0.237700
v 2.826400 3.572100 0.024800
v 3.557300 3.532600 -0.094700
v -1.085200 0.313400 4.429200
v -1.025500 0.405000 4.585300
v -1.554300 0.630500 4.567700
v -1.639500 0.543200 4.403600
v -2.131200 0.864100 4.371600
v -2.027300 0.941100 4.542300
v -1.638900 1.316400 4.884400
v -1.979200 1.640100 4.852100
v -2.433100 1.327500 4.511600
v -1.246100 1.060700 4.908300
v -2.258300 2.021000 4.812500
v -2.762600 1.779200 4.472800
v -1.887800 1.704400 4.946500
v -2.155000 2.072701 4.906700
v -2.353000 2.489300 4.861400
v -2.463900 2.451500 4.767100
v -1.796000 1.763600 5.115100
v -2.053000 2.120400 5.073500
v -2.243900 2.525701 5.026700
v -1.857800 2.228200 5.190900
v -2.032800 2.603200 5.146500
v -2.141400 3.007200 5.100400
v -2.362400 2.964800 4.978700
v -1.995400 3.413400 4.963500
v -1.959200 3.034000 5.008200
v -1.842600 3.041800 4.720300
v -1.875800 3.386900 4.684000
v 0.058600 3.360700 4.270800
v -0.366600 3.436900 4.274700
v -0.373000 3.363700 4.281899
v -1.718300 4.490301 4.793200
v -1.873400 4.155701 4.856200
v -1.762000 4.059700 4.596300
v -1.617100 4.359500 4.543499
v -1.966100 3.791301 4.913300
v -1.848500 3.729900 4.643199
v -2.148100 3.844900 4.990900
v -2.368300 3.874901 4.865200
v -2.405400 3.421100 4.925900
v -2.181100 3.427001 5.049399
v -2.475800 2.942501 4.815000
v -2.590900 2.921500 4.721400
v -3.006900 2.286000 4.425700
v -2.883300 1.748300 4.291600
v -2.546800 1.271300 4.334300
v 4.639000 3.294500 -0.292600
v 4.668200 3.248200 -0.396600
v 4.220000 3.396100 -0.329800
v 4.191900 3.447000 -0.214500
v -2.095800 3.594500 0.085800
v -2.119700 3.528700 -0.247500
v -2.883600 3.501400 -0.241100
v -2.860500 3.562400 -0.003100
v -2.247900 4.712299 -5.479701
v -2.392400 4.283100 -5.629500
v -3.143700 4.316999 -4.591500
v -2.987400 4.784900 -4.464301
v -2.463800 3.848000 -5.769701
v -3.199000 3.793300 -4.723801
v -2.452900 3.869100 -5.930301
v -2.501100 3.873600 -5.910601
v -2.522100 3.450900 -6.171300
v -2.520600 3.893600 -6.027801
v -2.510600 3.477999 -6.323501
v -2.431800 3.039500 -6.463300
v -2.139800 2.642800 -6.095100
v -0.899100 3.124900 -5.996300
v -0.831300 2.815700 -6.084700
v -1.920000 2.260700 -6.198100
v -0.497900 1.935300 -6.319700
v -0.494300 2.286700 -6.229500
v -0.342100 2.357000 -6.210800
v -0.657400 2.204999 -6.251100
v -0.854300 1.395300 -6.407800
v -1.277900 1.624099 -6.355900
v -1.632600 1.917400 -6.285500
v -0.753400 2.510400 -6.169600
v -2.424900 4.313000 -5.764700
v -2.440700 4.333300 -5.877901
v -2.274900 4.747799 -5.608500
v -2.378100 4.299900 -5.787100
v -2.230600 4.725500 -5.634201
v -1.303400 3.546500 -0.281300
v -1.285700 3.615900 0.134900
v 4.903000 3.031500 -0.446700
v 4.873500 3.069000 -0.315900
v -3.135000 2.278100 4.244000
v -3.156200 2.840000 4.379300
v -2.635500 3.409500 4.671500
v -3.205700 3.415100 4.328499
v -2.519600 3.413100 4.764400
v -2.480200 3.878500 4.705500
v -2.594600 3.890000 4.611899
v -2.046000 4.245800 4.923900
v -2.255100 4.305301 4.794199
v -0.268000 3.637000 4.253099
v -0.314000 3.575600 4.260099
v -1.227200 5.024900 4.671899
v -1.154000 4.831601 4.436399
v -0.854200 4.989700 4.393099
v -0.909300 5.207800 4.623499
v -1.501100 4.783600 4.729800
v -1.413000 4.620000 4.487999
v -1.638900 4.933101 4.777299
v -1.807600 5.021101 4.636799
v -2.067400 4.692201 4.715000
v -1.875600 4.613201 4.849899
v -2.361400 4.315001 4.635000
v -2.471200 4.336901 4.538899
v -3.007800 4.461401 4.176600
v -3.155600 3.969500 4.263999
v -3.341500 3.437300 4.154600
v -3.290600 2.852000 4.200100
v 4.691300 2.408300 -0.194900
v 4.748800 2.388200 -0.460500
v 4.919700 2.743400 -0.466800
v 4.878500 2.772800 -0.274900
v 0.388800 3.613100 0.173500
v 0.402100 3.540600 -0.300500
v -0.456800 3.542600 -0.299000
v -0.452700 3.614800 0.169100
v -1.754800 5.478199 -5.198101
v -2.034000 5.121900 -5.331601
v -2.732200 5.179500 -4.345000
v -2.380600 5.506800 -4.233601
v -1.735600 5.502500 -5.337201
v -2.014900 5.136499 -5.479500
v -2.055400 5.166999 -5.451001
v -2.063500 5.189600 -5.556400
v -2.286800 4.768300 -5.718901
v -2.265500 4.774899 -5.863700
v -2.422000 4.348599 -6.022601
v -2.366400 3.458699 -5.861001
v -2.367500 3.876300 -5.734800
v -1.165400 4.059500 -5.713500
v -0.993600 3.913100 -5.759000
v -0.803600 3.794300 -5.792000
v -0.926900 3.447000 -5.902000
v -2.289600 3.045700 -5.981500
v -0.668700 2.856600 -6.073000
v -0.594800 2.565900 -6.154200
v -0.443200 2.615700 -6.140400
v 0.469500 2.220900 -6.246700
v 0.590000 2.115200 -6.274100
v 0.717100 1.999900 -6.303600
v 1.093000 1.434000 -6.399200
v -1.714700 1.845800 -6.774600
v -1.329200 1.541399 -6.839000
v -1.330400 1.503700 -6.685400
v -1.716900 1.809100 -6.619900
v -1.696300 1.806000 -6.492400
v -2.010800 2.166300 -6.405900
v -1.970600 2.195199 -6.417900
v -1.970600 2.168800 -6.249400
v -2.468600 1.696400 -5.232300
v -2.783200 2.177999 -5.111800
v -4.727000 3.003100 -0.298900
v -4.760800 2.969900 -0.441800
v -4.742600 2.665700 -0.454400
v -4.687900 2.691300 -0.252900
v -0.483600 0.178500 4.445000
v -0.454900 0.271300 4.595200
v -0.812500 0.875300 4.925500
v -1.184700 1.147900 5.003300
v -1.561500 1.393300 4.978800
v -1.482700 1.464000 5.148600
v -1.335800 1.622400 5.265000
v -1.622100 1.897800 5.231800
v -1.697900 2.323101 5.087700
v -1.597500 2.387201 4.785900
v -1.749200 2.704000 4.753900
v -1.859400 2.666600 5.048900
v -0.365800 3.290400 4.288799
v -0.345000 3.218100 4.295300
v -0.186000 5.397400 4.568200
v -0.558100 5.331000 4.588200
v -0.523600 5.095500 4.361599
v -0.173300 5.152700 4.343500
v -1.342100 5.195500 4.711400
v -1.482800 5.286400 4.563900
v -1.894100 5.017800 4.474299
v -2.165200 4.698801 4.554800
v -1.983900 5.039801 4.370900
v -2.266700 4.723200 4.455500
v -2.762400 4.860900 4.076200
v -3.284000 3.986000 4.096700
v 4.368000 1.975900 -0.102400
v 4.430800 1.964400 -0.440400
v 1.225700 3.616200 0.144300
v 1.253500 3.545900 -0.287700
v -1.438500 5.986100 -4.039900
v -1.032100 5.960800 -5.004701
v -1.416600 5.758500 -5.088100
v -1.945000 5.774899 -4.130401
v -1.399000 5.795400 -5.218300
v -1.427900 5.832600 -5.187100
v -1.771100 5.538099 -5.306901
v -0.721600 3.152299 -5.988100
v -0.549900 3.170399 -5.982901
v -0.509800 2.890100 -6.063500
v -0.194700 2.931900 -6.051600
v -0.156800 2.691099 -6.119500
v 0.363000 2.623699 -6.138200
v 0.404800 2.866899 -6.070100
v 0.609700 2.484200 -6.176500
v 0.738000 2.405600 -6.197800
v 0.874100 2.324399 -6.219700
v 1.521300 1.689000 -6.341000
v -0.883100 1.309600 -6.884400
v -0.883900 1.271900 -6.731500
v -1.660600 1.815500 -6.338500
v -1.661200 1.842200 -6.502900
v -1.284800 1.520700 -6.408600
v -1.285500 1.546800 -6.568700
v -2.076900 1.272300 -5.341200
v -4.474800 2.311200 -0.180400
v -4.536800 2.294800 -0.454300
v 0.766500 0.198400 4.442400
v 0.729600 0.292900 4.592100
v 0.137500 0.233700 4.597200
v 0.141700 0.140100 4.449400
v -0.351300 0.764900 4.935300
v 0.124400 0.732600 4.938400
v -0.770800 0.971200 5.020500
v -0.728600 1.060300 5.191600
v -1.122500 1.228800 5.174000
v -1.008600 1.407800 5.289900
v -1.479600 2.018301 5.124100
v -1.390600 2.104400 4.816200
v -0.311100 3.149300 4.301400
v 0.193900 5.407900 4.565000
v 0.183900 5.161800 4.340400
v 0.538300 5.123200 4.352600
v 0.570900 5.362501 4.578800
v -0.613600 5.529601 4.615399
v -0.682400 5.623401 4.453700
v -1.103800 5.487200 4.500999
v -0.996500 5.394900 4.656000
v -1.555100 5.272700 4.397600
v -1.629800 5.292400 4.289800
v -1.995400 5.460900 3.870600
v -2.422100 5.187301 3.972700
v -2.864300 4.845400 3.927999
v -3.123200 4.461901 4.017700
v 3.377700 1.104500 0.114000
v 3.438900 1.109100 -0.409400
v 3.980700 1.520300 -0.418400
v 3.916400 1.523000 0.006600
v 2.080500 3.532800 -0.254600
v 2.045100 3.600000 0.100700
v -0.613500 6.091000 -4.948600
v -0.603700 6.146699 -5.066300
v -1.017800 6.008900 -5.127501
v -1.039100 6.045400 -5.096001
v -1.039400 6.093999 -5.178600
v -1.430100 5.871799 -5.276200
v -1.408900 5.876599 -5.405800
v -1.753000 5.566299 -5.542201
v -1.776000 5.567299 -5.404201
v -2.153000 4.697800 -5.458601
v -1.944400 5.087500 -5.317300
v -1.279300 4.822999 -5.449800
v -1.288200 4.555099 -5.545600
v -2.294400 4.291100 -5.600901
v -1.238500 4.307400 -5.631600
v -1.123400 4.093400 -5.702401
v -1.002900 5.339099 -5.260400
v -1.190600 5.087600 -5.353800
v -1.672100 5.428599 -5.189800
v -1.342800 5.697599 -5.085001
v -0.444400 5.653699 -5.139101
v -0.737600 5.545000 -5.181601
v -0.969600 5.890399 -5.006701
v -0.569500 6.012800 -4.955101
v -0.153500 6.073900 -4.928700
v -0.108100 5.712500 -5.115700
v 0.271000 6.075699 -4.927900
v 0.233100 5.714700 -5.114800
v 1.463400 5.720399 -5.075901
v 1.790200 5.462999 -5.176600
v 1.327100 5.120399 -5.341701
v 1.134500 5.357299 -5.253500
v 1.139600 3.916399 -5.758801
v 2.524800 3.537899 -5.838301
v 1.011500 3.826999 -5.786700
v 1.125700 1.346900 -6.877300
v 1.574900 1.601099 -6.826500
v 1.572900 1.561800 -6.673400
v 1.127000 1.309000 -6.724300
v 1.114900 1.311900 -6.599700
v 0.627300 1.152099 -6.631600
v 0.632300 1.146100 -6.755300
v 0.118200 1.092700 -6.643200
v 0.616200 1.203099 -6.639400
v 0.117900 1.145000 -6.650700
v 0.617200 1.178800 -6.485300
v 0.119000 1.121000 -6.497800
v 1.093200 1.333400 -6.451300
v 1.093400 1.358899 -6.608100
v 0.756300 0.526700 -5.540300
v 0.137600 0.459800 -5.558700
v -2.575600 0.699800 -0.433800
v -1.974400 0.449800 -0.486600
v -1.913600 0.432100 0.356800
v -2.515800 0.687000 0.244700
v 3.107800 1.869800 4.280300
v 2.981800 1.896500 4.460900
v 2.670700 1.426600 4.503800
v 2.786700 1.376700 4.324900
v 2.385100 0.951100 4.363900
v 2.280800 1.021300 4.537500
v 1.874000 1.383400 4.877900
v 1.490000 1.110900 4.903700
v 1.818700 0.691100 4.563500
v 2.203400 1.721300 4.844400
v 1.059900 0.908400 4.922600
v 1.296800 0.446600 4.581700
v 1.424500 1.197000 4.998600
v 1.013900 1.002000 5.017500
v 0.574700 0.878800 5.029200
v 0.599800 0.780200 4.934600
v 1.358700 1.276300 5.169000
v 0.966800 1.089400 5.188600
v 0.548300 0.971600 5.200700
v 0.881500 1.281400 5.304300
v 0.501100 1.174500 5.316100
v 0.111200 1.136000 5.320300
v 0.117300 0.928900 5.205000
v -0.248700 1.347100 5.201000
v 0.105200 1.321100 5.203800
v 0.099600 1.458000 4.883100
v -0.233900 1.482700 4.880800
v -0.078100 2.964200 4.316900
v -0.006800 2.946800 4.318300
v 0.934000 5.259800 4.608900
v 0.881200 5.035100 4.379200
v -0.207600 5.601901 4.592400
v 0.207700 5.612900 4.588799
v 0.223600 5.707400 4.422599
v -0.234800 5.696500 4.426700
v -0.718000 5.598600 4.279099
v -1.158800 5.466101 4.330100
v -0.754700 5.619600 4.163099
v -1.214500 5.485401 4.218200
v -1.494400 5.686800 3.777499
v -2.512100 5.162001 3.832600
v 2.798300 0.755900 0.221400
v 2.857100 0.766900 -0.425400
v 0.337200 6.220900 -3.929000
v 0.274900 6.158899 -4.918500
v -0.173400 6.156600 -4.919600
v -0.276500 6.216800 -3.931100
v -0.876100 6.135900 -3.970401
v -0.169100 6.216000 -5.034700
v -0.173500 6.250500 -5.003301
v -0.616800 6.182000 -5.034901
v -0.616200 6.236599 -5.112900
v -0.172700 6.308100 -5.078900
v -0.167700 6.334499 -5.193201
v -0.604200 6.258800 -5.229900
v 0.277700 6.252800 -5.002201
v 0.278600 6.310400 -5.077800
v 0.273300 6.218400 -5.033600
v 0.716200 6.101399 -4.944100
v 0.709000 6.157300 -5.061501
v 2.260200 0.489300 -0.473800
v 2.200300 0.473100 0.331000
v 1.577200 0.239900 0.453700
v 1.634900 0.258300 -0.537900
v -2.072700 5.432701 3.733999
v -1.554900 5.661201 3.640199
v -0.933600 5.857700 3.704999
v -0.262800 5.693400 4.131299
v -0.334000 5.957800 3.662800
v -0.248500 5.670401 4.249700
v 0.232900 5.681100 4.245299
v 0.242100 5.704501 4.125999
v 0.619400 5.562700 4.605000
v 0.677200 5.655900 4.441899
v 1.014100 5.450100 4.639699
v 1.110900 5.541800 4.482500
v 1.197700 4.896000 4.418399
v 1.268500 5.098801 4.652800
v 0.310300 3.706400 4.244299
v 0.239900 3.743000 4.239900
v 0.371200 3.659100 4.249899
v 1.796300 4.610900 4.767900
v 1.559000 4.882300 4.706800
v 1.470800 4.708800 4.465899
v 1.693000 4.472401 4.519000
v 1.376500 5.274500 4.690000
v 1.508000 5.364800 4.540200
v 1.161400 5.518701 4.310500
v 0.708100 5.630200 4.266399
v 1.212400 5.538900 4.196199
v 0.739600 5.652600 4.147999
v 0.891500 5.901700 3.686700
v 0.281800 5.973401 3.656199
v -0.973500 5.835101 3.565599
v 0.915100 0.082700 0.549100
v 0.956100 0.100700 -0.583300
v 2.025300 5.813600 -4.114400
v 1.523900 5.790999 -5.075000
v 1.136500 5.981100 -4.996000
v 1.509300 6.013700 -4.027400
v 0.939700 6.151800 -3.962801
v 1.124500 6.029699 -5.118401
v 1.145900 6.065700 -5.087000
v 0.722000 6.192299 -5.030100
v 0.723300 6.247000 -5.108000
v 1.148000 6.114299 -5.169301
v 1.133400 6.128699 -5.291201
v 0.714400 6.269300 -5.224801
v 1.537000 5.865200 -5.173400
v 1.540400 5.904699 -5.262001
v 1.508100 5.828599 -5.204501
v 1.864400 5.521699 -5.181400
v 1.846000 5.546299 -5.320401
v 1.814600 5.578100 -5.307200
v 0.161400 0.069100 -0.597200
v 0.157400 0.050000 0.584600
v -0.613500 0.117200 0.563300
v -0.649200 0.138400 -0.585500
v -0.349700 5.935801 3.521600
v 0.291400 5.950301 3.515300
v 0.924900 5.876101 3.548000
v 1.469300 5.752501 3.750600
v 1.647300 5.365601 4.263199
v 1.992100 5.540600 3.838000
v 1.576700 5.347001 4.372600
v 1.693000 5.036601 4.752100
v 1.855100 5.123800 4.609799
v 1.952300 4.737000 4.822700
v 2.139800 4.815801 4.686999
v 1.864700 4.180700 4.574900
v 1.977700 4.285000 4.833200
v 0.460100 3.535800 4.263700
v 0.421100 3.602300 4.256400
v 0.485700 3.462500 4.271299
v 2.127600 3.131201 4.997100
v 2.146100 3.525800 4.949299
v 2.024400 3.489300 4.670800
v 2.006900 3.128100 4.709900
v 2.095900 3.917001 4.894700
v 1.976800 3.847000 4.625999
v 2.148700 4.380200 4.898200
v 2.354700 4.442600 4.767700
v 2.235400 4.816900 4.526400
v 1.938800 5.114901 4.446400
v 2.333000 4.839200 4.426000
v 2.024800 5.134501 4.341800
v 2.446400 5.279601 3.938100
v 1.524400 5.724000 3.613699
v -1.285300 0.245000 0.479000
v -1.341500 0.266000 -0.547200
v 3.102700 4.859399 -4.442801
v 2.372500 4.780099 -5.455400
v 2.149400 5.178500 -5.310801
v 2.831000 5.238599 -4.326001
v 2.469600 5.554800 -4.216001
v 2.131000 5.192900 -5.457800
v 1.877100 5.513899 -5.332800
v 2.171200 5.224000 -5.429201
v 1.881400 5.581900 -5.289401
v 1.846300 5.546500 -5.319700
v 1.846300 5.546500 -5.319800
v 0.690500 6.019700 -4.952200
v 0.575700 5.655900 -5.138200
v 1.092900 5.903299 -5.001300
v 0.881200 5.547699 -5.180601
v 1.886800 5.611199 -5.386100
v 2.179600 5.246200 -5.534000
v 2.157400 5.244100 -5.677600
v 1.865100 5.609099 -5.523800
v 2.399600 4.815300 -5.583500
v 2.411400 4.835000 -5.693700
v 2.355400 4.792099 -5.609500
v 2.528800 4.358099 -5.604200
v 2.514200 4.373199 -5.761600
v 2.067300 5.511800 3.702199
v 2.537400 5.253700 3.800600
v 2.818200 4.969700 4.043099
v 2.566300 4.471601 4.512100
v 3.097200 4.593000 4.146800
v 2.459400 4.449601 4.608600
v 2.276300 3.978200 4.969999
v 2.494200 4.014600 4.843900
v 2.331000 3.550101 5.033100
v 2.554600 3.553500 4.909299
v 2.311600 3.116801 5.087600
v 2.534400 3.084701 4.965300
v 1.926300 2.775701 4.745200
v 2.042000 2.748200 5.039900
v 0.475100 3.233600 4.293300
v 0.493100 3.308800 4.286300
v 0.443700 3.162700 4.299500
v 0.347800 3.046300 4.309600
v 0.400500 3.099500 4.305000
v 1.687600 2.080200 5.116700
v 1.893200 2.392601 5.079600
v 1.785800 2.448000 4.778000
v 1.592600 2.160600 4.808600
v 2.219600 2.697001 5.135800
v 2.434800 2.629900 5.015300
v 2.648300 3.066601 4.802000
v 2.668700 3.548701 4.748499
v 2.785100 3.550200 4.655499
v 2.719200 4.032900 4.591400
v 2.605200 4.018800 4.685100
v 3.277400 4.121901 4.242099
v 2.920000 4.950400 3.898499
v -3.098600 1.017000 0.137900
v -3.160400 1.023700 -0.411100
v 3.326500 3.354300 -4.829900
v 2.618900 3.497499 -5.876000
v 2.612300 3.927999 -5.744801
v 3.353600 3.896000 -4.698400
v 3.278200 4.407700 -4.567801
v 2.600600 3.947799 -5.904901
v 2.648700 3.953500 -5.884800
v 2.561000 4.387400 -5.738901
v 2.067000 5.134500 -5.300001
v 2.282800 4.754499 -5.438001
v 1.449500 4.592000 -5.532500
v 1.427600 4.865600 -5.434501
v 2.576500 4.406799 -5.851901
v 2.667300 3.973000 -6.001400
v 2.651100 3.993599 -6.148301
v 2.557600 4.419499 -5.996901
v 2.658900 3.518500 -6.022400
v 2.680700 3.536700 -6.144001
v 2.610600 3.520900 -6.040401
v 2.549700 3.071000 -6.000700
v 2.545000 3.096200 -6.169700
v -3.713400 1.422000 -0.415300
v -3.647600 1.421900 0.030900
v -4.120400 1.871600 -0.077900
v -4.186200 1.864100 -0.435300
v 3.209600 4.586801 3.991200
v 3.400300 4.132501 4.076399
v 3.357200 3.572700 4.314000
v 2.764200 3.050600 4.708500
v 3.333200 2.991000 4.367300
v 2.657600 2.565400 4.755900
v 3.206500 2.420700 4.412700
v 2.545700 2.598201 4.850000
v 2.058800 2.307700 5.181100
v 2.259700 2.208500 5.063000
v 1.834900 1.966300 5.223400
v 2.014600 1.839000 5.106400
v 1.558700 1.681000 5.258000
v 1.711200 1.527500 5.141600
v 1.081300 1.728000 4.855100
v 1.142100 1.610500 5.171600
v 1.435100 1.820100 5.147500
v 1.356200 1.921800 4.834500
v 0.286400 3.002600 4.313400
v 0.216700 2.969300 4.316200
v 0.142400 2.948500 4.318000
v 0.067400 2.941200 4.318700
v 1.238400 1.451900 5.284900
v 1.792800 1.458800 4.972400
v 2.109300 1.782900 4.938300
v 2.467700 2.118300 4.802800
v 2.364100 2.164800 4.896300
v 3.488500 3.593600 4.140600
v 2.696200 1.795300 -5.207400
v 2.184100 2.250999 -6.227900
v 2.404500 2.652600 -6.119100
v 2.991700 2.286600 -5.085200
v 3.203600 2.811199 -4.958700
v 2.402900 2.678600 -6.290200
v 2.448100 2.660000 -6.275800
v 2.592300 3.085799 -6.153400
v 2.433300 4.354899 -5.578900
v 1.406600 4.338900 -5.620901
v 2.514000 3.947000 -5.712801
v 1.297800 4.110400 -5.696900
v 2.616500 3.101000 -6.280000
v 2.473400 2.671400 -6.404900
v 2.468300 2.703300 -6.561700
v 2.608000 3.130399 -6.435300
v 2.226400 2.251300 -6.384400
v 2.251200 2.259500 -6.513400
v 2.184600 2.278000 -6.397000
v 1.889800 1.885800 -6.321200
v 1.891200 1.913200 -6.486400
v 3.468300 3.006000 4.189000
v 3.339300 2.416500 4.232200
v 1.341900 0.704400 -5.491900
v 1.523400 1.574600 -6.396100
v 1.868000 0.985900 -5.416500
v 2.321000 1.355300 -5.319800
v 1.524400 1.601500 -6.556900
v 1.554700 1.560400 -6.547400
v 1.928200 1.878900 -6.475500
v 2.136100 2.349900 -6.174600
v 1.032100 2.967099 -6.041700
v 1.950400 1.884099 -6.603000
v 1.950100 1.920799 -6.757400
v -1.215000 1.764500 5.154000
v -0.916000 1.568400 5.176400
v -0.859300 1.687200 4.860200
v -1.139800 1.868600 4.841300
v -0.590900 1.429900 5.191900
v -0.554700 1.559400 4.873200
v -0.652000 1.255100 5.307200
v -0.312000 0.959600 5.201900
v -0.276100 1.164100 5.317300
v 0.121100 0.834000 5.033400
v 1.363000 0.355500 4.424300
v 1.907300 0.607600 4.397100
v -0.852000 1.298400 -6.459100
v -1.073600 0.663200 -5.503100
v -1.609700 0.922600 -5.433300
v -0.377600 1.162199 -6.488900
v -0.482900 0.506200 -5.546000
v -0.852600 1.323600 -6.615300
v -0.378300 1.186499 -6.642600
v -0.388400 1.135300 -6.634900
v -0.394500 1.129200 -6.758400
v 0.117200 1.085800 -6.766400
v 0.115200 1.122800 -6.918900
v 0.629700 1.183100 -6.908000
v 0.878900 3.017699 -6.027000
v 0.728800 3.060899 -6.014600
v 0.742700 3.362499 -5.926701
v 0.701100 3.727799 -5.817300
v 0.856200 3.762500 -5.806601
v 0.413400 3.722500 -5.818901
v 0.427000 3.420099 -5.909700
v -0.217500 3.460099 -5.897800
v -0.216000 3.723799 -5.818501
v -0.550100 3.458699 -5.898301
v -0.532000 3.694700 -5.827301
v -0.513000 3.729100 -5.816801
v -0.660000 3.725899 -5.816600
v -0.646600 3.753500 -5.807401
v -0.785200 3.825599 -5.779700
v -0.725500 3.459100 -5.898100
v -0.212500 3.189100 -5.977400
v 0.424800 3.131700 -5.994100
v 0.684800 2.772399 -6.096700
v 0.822700 2.717400 -6.112100
v 0.963200 2.659199 -6.128600
v 1.865000 1.998600 -6.265500
v -0.872400 1.275599 -6.607100
v -0.394600 1.166600 -6.911000
v -0.331700 0.865700 5.030500
v -0.346900 3.508500 4.267300
v -0.143100 3.730800 4.241700
v -0.209900 3.689700 4.246799
v 0.007400 3.774700 4.236000
v -0.069900 3.759100 4.238100
v -0.264800 3.086800 4.306700
v 0.164100 3.766700 4.236899
v 0.086000 3.777200 4.235600
v 0.496800 3.385700 4.278999
v -0.208600 3.034000 4.311200
v -0.146000 2.993100 4.314500
v -0.814600 2.844600 4.389100
v -0.894600 3.008700 4.375000
v -0.943500 3.181800 4.359700
v 0.487700 4.239700 4.222099
v 0.654500 4.158000 4.237000
v 0.798300 4.051001 4.254900
v 0.915600 3.920800 4.274600
v 1.007500 3.765700 4.295499
v 1.067800 3.592400 4.316100
v 1.084700 3.225400 4.353199
v 1.042300 3.045200 4.369400
v 0.968000 2.875800 4.384100
v 0.597200 2.498000 4.417200
v 0.741900 2.600300 4.408000
v -0.571900 2.571100 4.412300
v -0.705000 2.695800 4.401700
v -0.945700 3.530800 4.325399
v -0.960500 3.356600 4.343200
v -0.714300 3.999900 4.264900
v -0.822600 3.857800 4.285699
v -0.096300 2.368100 4.429900
v -0.264500 2.408400 4.426400
v 0.866200 2.725600 4.397000
v 0.769400 1.581300 4.870300
v 0.432200 2.420200 4.424500
v 0.436500 1.490100 4.879700
v 0.256200 2.371900 4.429000
v 0.078900 2.355100 4.430800
v -0.899500 3.700500 4.306000
v -0.577000 4.120300 4.244999
v -0.419200 4.212601 4.228199
v -0.246000 4.275101 4.216000
v -0.063000 4.309200 4.209000
v 0.123200 4.314800 4.207600
v 0.308000 4.291901 4.212100
v 1.093600 3.409200 4.335599
v -0.424300 2.475500 4.420500
v 0.813500 1.452700 5.191000
v 0.462400 1.355900 5.200100
v -0.465300 3.744499 -5.491601
v 0.258100 3.448200 -5.115901
v 0.205500 3.450799 -5.223101
v -0.380900 3.693799 -5.526300
v -0.359700 4.129900 -3.780300
v -0.968800 4.313499 -4.035501
v -0.877000 4.293700 -3.943000
v -0.500500 4.179299 -3.788200
v 0.314000 3.727400 -4.254100
v -0.985000 4.124599 -4.943901
v -1.023500 4.162199 -4.846500
v 0.276000 3.778800 -4.162800
v 0.375500 3.518700 -4.675900
v -0.790100 3.956399 -5.281200
v -0.847700 4.001800 -5.205801
v 0.375500 3.569100 -4.560501
v 0.351900 3.450200 -4.907500
v -0.650500 3.855600 -5.419900
v -0.722200 3.905499 -5.357800
v 0.367700 3.470999 -4.803300
v 0.307100 3.441099 -5.039200
v -0.531000 3.783000 -5.470500
v 0.105900 3.917700 -3.950700
v -1.086400 4.249700 -4.547101
v -1.087100 4.287099 -4.395000
v 0.001600 3.976000 -3.881500
v 0.365200 3.622300 -4.450800
v -0.899100 4.045100 -5.124001
v -0.944400 4.085899 -5.036700
v 0.344600 3.675100 -4.349300
v 0.229100 3.827600 -4.080801
v -1.054800 4.195499 -4.748100
v -1.076100 4.224000 -4.651801
v 0.174800 3.872200 -4.012001
v -0.115600 4.032100 -3.827700
v -1.068100 4.310999 -4.253800
v -1.030800 4.319799 -4.134901
v -0.235000 4.082699 -3.792500
v -0.603100 4.216700 -3.778400
v -0.822400 4.283999 -3.867000
v -0.479800 3.733599 -5.592401
v -0.584400 3.787400 -5.593000
v -0.237200 4.094999 -3.709700
v -0.423000 4.158199 -3.734000
v -1.238100 4.231100 -5.070601
v -1.276400 4.268700 -4.969201
v -1.019400 4.051700 -5.410400
v -1.087800 4.101900 -5.336901
v -0.836500 3.929300 -5.543601
v -0.933700 3.992399 -5.484400
v -0.683800 3.842099 -5.579000
v -1.321100 4.340300 -4.657200
v -1.303600 4.358799 -4.502201
v -1.146700 4.148600 -5.255200
v -1.196200 4.191500 -5.166501
v -1.305100 4.300600 -4.865601
v -1.320900 4.324200 -4.764901
v -1.262800 4.375599 -4.335101
v -1.198700 4.376100 -4.192400
v -0.972100 4.326600 -3.958300
v -0.906400 4.310999 -3.894100
v -1.102500 4.358900 -4.070500
v 0.321500 3.401099 -5.177401
v 0.427100 3.375299 -5.055400
v 0.612700 3.649800 -4.121100
v 0.573700 3.699400 -4.033000
v 0.656900 3.502200 -4.420200
v 0.642700 3.454000 -4.538900
v 0.616100 3.400400 -4.679400
v 0.579500 3.358799 -4.814100
v 0.501000 3.359299 -4.965401
v 0.372800 3.842400 -3.834100
v 0.240800 3.907500 -3.773600
v 0.641500 3.600000 -4.213000
v 0.656500 3.550900 -4.311901
v 0.521500 3.747800 -3.954600
v 0.457600 3.793600 -3.889800
v 0.088900 3.973000 -3.730600
v -0.068700 4.034599 -3.707400
v -0.523500 4.192900 -3.739600
v -0.770000 3.845200 -5.762500
v -0.944500 3.944200 -5.731300
v -0.939700 3.948699 -5.710200
v -0.762300 3.847800 -5.746100
v -1.070900 4.032499 -5.653400
v -1.060600 4.030600 -5.640201
v -1.173500 4.103700 -5.566600
v -1.162000 4.100900 -5.554400
v -1.254700 4.162700 -5.479401
v -1.242200 4.159200 -5.468400
v -1.324300 4.217700 -5.382200
v -1.310900 4.213500 -5.372601
v -1.382600 4.268099 -5.276600
v -1.368600 4.263299 -5.268401
v -1.431800 4.314499 -5.162601
v -1.417100 4.309100 -5.156001
v -1.476500 4.358399 -5.042000
v -1.461300 4.352499 -5.037001
v -1.510500 4.395000 -4.918900
v -1.494800 4.388700 -4.915600
v -1.529600 4.421599 -4.799400
v -1.513500 4.414999 -4.797600
v -1.530600 4.438700 -4.671501
v -1.514300 4.432000 -4.671401
v -1.510400 4.453899 -4.492001
v -1.494100 4.447199 -4.494101
v -1.462000 4.465499 -4.295500
v -1.446100 4.459199 -4.299800
v -1.384300 4.458499 -4.128100
v -1.369300 4.452799 -4.134301
v -1.266200 4.431200 -3.985500
v -1.252700 4.426199 -3.993200
v -1.106800 4.386199 -3.855100
v -1.095500 4.382299 -3.864200
v -1.004600 4.355299 -3.788800
v -0.994800 4.352000 -3.798600
v -0.901100 4.322899 -3.735000
v -0.892800 4.320300 -3.745400
v -0.671200 4.249300 -3.645500
v -0.666200 4.248000 -3.657000
v -0.552900 4.210899 -3.612400
v -0.549600 4.210199 -3.624300
v -0.422800 4.168000 -3.585800
v -0.421400 4.167900 -3.598100
v -0.194400 4.091400 -3.554700
v -0.196300 4.092299 -3.567500
v 0.014100 4.019100 -3.549300
v 0.009200 4.020899 -3.562300
v 0.208700 3.947500 -3.574500
v 0.200900 3.950100 -3.587200
v 0.395700 3.872700 -3.623500
v 0.385200 3.876000 -3.635500
v 0.557400 3.799100 -3.693100
v 0.544600 3.803100 -3.704200
v 0.660900 3.744300 -3.757500
v 0.646700 3.748700 -3.767800
v 0.738200 3.693400 -3.832300
v 0.722800 3.698200 -3.841600
v 0.800200 3.639800 -3.922400
v 0.784100 3.645000 -3.930700
v 0.845700 3.584600 -4.023301
v 0.829000 3.590300 -4.030400
v 0.878200 3.528900 -4.128500
v 0.861100 3.535000 -4.134501
v 0.893200 3.473600 -4.241701
v 0.876100 3.480300 -4.246400
v 0.889700 3.418500 -4.366301
v 0.872900 3.425800 -4.369700
v 0.868000 3.363800 -4.503901
v 0.851700 3.371700 -4.505701
v 0.830400 3.302400 -4.668601
v 0.814900 3.311000 -4.668301
v 0.780900 3.251199 -4.831400
v 0.766300 3.260400 -4.829000
v 0.680700 3.253799 -5.014201
v 0.667700 3.262900 -5.009301
v 0.589300 3.274400 -5.122900
v 0.577500 3.283099 -5.116500
v 0.429700 3.323200 -5.269401
v 0.420100 3.331199 -5.260900
v 0.298900 3.375499 -5.340900
v 0.291000 3.382800 -5.331501
v -0.382500 3.663700 -5.693300
v -0.381300 3.666699 -5.679201
v -0.505800 3.718199 -5.753201
v -0.503000 3.720400 -5.738400
v -0.639500 3.774100 -5.783801
v -0.637200 3.779799 -5.763900
v -2.865400 5.132400 -4.127601
v -2.499600 5.444499 -4.019300
v -1.517800 5.915699 -3.812201
v -0.927900 6.067599 -3.734500
v -0.297100 6.150800 -3.689301
v 0.349100 6.155300 -3.686800
v 0.983400 6.084499 -3.725400
v 1.581700 5.944399 -3.797801
v 2.121800 5.744800 -3.893800
v 2.584400 5.492099 -4.001000
v 2.960500 5.189700 -4.109001
v 3.247300 4.831900 -4.216701
v 3.438500 4.405099 -4.325901
v 3.526000 3.910000 -4.439800
v 3.500300 3.365700 -4.561400
v 3.367100 2.802200 -4.686400
v 3.139400 2.252899 -4.811200
v 2.827600 1.737600 -4.932900
v 2.436100 1.276900 -5.047500
v 1.963500 0.895700 -5.149100
v 1.412300 0.611700 -5.232200
v 0.794800 0.436100 -5.287500
v 0.141900 0.369400 -5.308800
v -0.513200 0.413400 -5.294600
v -1.137300 0.568600 -5.245500
v -2.188500 1.190700 -5.069800
v -2.596700 1.634000 -4.958000
v -3.135600 4.760700 -4.236200
v -3.307100 4.317400 -4.346701
v -2.046900 5.705599 -3.911500
v -3.372500 3.807900 -4.462700
v -3.327100 3.253500 -4.586300
v -3.175400 2.685500 -4.712600
v -1.700300 0.830700 -5.167500
v -2.927400 2.138999 -4.837600
v -2.008300 3.030101 5.095400
v -1.906000 2.650600 5.138700
v -2.043700 3.423900 5.047699
v -1.919700 4.193201 4.931300
v -2.015000 3.814200 4.993599
v -1.760000 4.540801 4.863299
v -1.257600 5.097701 4.734799
v -1.537400 4.846001 4.795899
v -1.518300 1.983800 5.218700
v -1.740900 2.296700 5.179900
v -0.932300 5.289401 4.684000
v -1.247100 1.724800 5.250400
v 0.198200 5.499300 4.622900
v -0.191400 5.488501 4.626200
v -0.572600 5.418900 4.647099
v 0.107600 1.266800 5.303200
v 0.473500 1.302800 5.299200
v -0.255400 1.293300 5.300300
v 0.584500 5.451301 4.637400
v 0.955900 5.343300 4.668900
v 1.297500 5.174500 4.715000
v 1.595100 4.947001 4.771999
v 1.838700 4.662301 4.837200
v 2.024000 4.323801 4.907100
v 2.144500 3.943501 4.973400
v 2.195900 3.539800 5.032199
v 2.177300 3.132101 5.083400
v 2.090100 2.736901 5.128900
v 1.936700 2.371001 5.171200
v 1.727600 2.048100 5.210800
v 1.468300 1.779500 5.243600
v 1.167600 1.563900 5.269200
v 0.831400 1.403800 5.286400
v -0.941300 1.521600 5.274200
v -0.607200 1.378600 5.290600
v -1.692300 1.875000 -6.775700
v -2.003400 2.231200 -6.692600
v -2.240300 2.629200 -6.589800
v -2.505400 3.916100 -6.175200
v -2.398500 3.051899 -6.467100
v -2.475900 3.484299 -6.328801
v -2.470400 3.916199 -6.182301
v -2.040500 5.189300 -5.700000
v -2.387800 4.342199 -6.031800
v -2.232900 4.761499 -5.875600
v -0.871900 1.345600 -6.885200
v -1.312200 1.574700 -6.839800
v -2.010600 5.169099 -5.714800
v -0.389300 1.204200 -6.911800
v -1.021800 6.108200 -5.300601
v -1.726600 5.540500 -5.559700
v -1.386800 5.847199 -5.425001
v 1.925800 1.950899 -6.758700
v 1.554600 1.633700 -6.827600
v 1.113200 1.382699 -6.878100
v -1.004900 6.077099 -5.320701
v -0.593400 6.227399 -5.250600
v -0.163500 6.303199 -5.214200
v 0.276500 6.336900 -5.192000
v 0.273800 6.305500 -5.213000
v 0.705100 6.237800 -5.245601
v 1.118000 6.097199 -5.311501
v 1.521400 5.909299 -5.391100
v 1.500400 5.879099 -5.410700
v 1.839600 5.582300 -5.541700
v 2.128300 5.222700 -5.693000
v 2.390400 4.839000 -5.839001
v 2.358500 4.824200 -5.851501
v 2.523700 4.411699 -6.006600
v 2.616200 3.992300 -6.155900
v 2.668300 3.562799 -6.295300
v 2.633500 3.567800 -6.301001
v 2.574500 3.141599 -6.439300
v 2.437100 2.720700 -6.564500
v 2.248100 2.291899 -6.669700
v 2.220800 2.317899 -6.671200
v 0.622500 1.220399 -6.908800
v 0.113900 1.160800 -6.919700
v -1.313800 1.503999 -6.559500
v -0.948500 3.933700 -5.744801
v -0.777400 3.837399 -5.772800
v -0.963200 3.930000 -5.752800
v -0.649600 3.766900 -5.795600
v -0.633700 3.765599 -5.803000
v -0.622300 3.772399 -5.801301
v -0.610500 3.773999 -5.800900
v -0.584200 3.770600 -5.802001
v -0.502000 3.757100 -5.807200
v -0.215800 3.751400 -5.808900
v 0.411400 3.751499 -5.808900
v 0.695200 3.763700 -5.805201
v 0.845800 3.803200 -5.793001
v 0.990000 3.863400 -5.774301
v 1.104600 3.943900 -5.749101
v 1.258800 4.128900 -5.689800
v 1.366500 4.349400 -5.616301
v 1.407000 4.591800 -5.531500
v 1.386200 4.855599 -5.437100
v 1.291100 5.096900 -5.349401
v 1.104300 5.325600 -5.264501
v 0.858700 5.509200 -5.194601
v 0.565100 5.615600 -5.153201
v 0.228800 5.675000 -5.129701
v -0.102800 5.671500 -5.131101
v -0.431600 5.608600 -5.155900
v -0.708200 5.502100 -5.197300
v -0.966500 5.303299 -5.272901
v -1.147700 5.062200 -5.362101
v -1.231600 4.813300 -5.452301
v -1.243100 4.557099 -5.543800
v -1.194600 4.320000 -5.626300
v -1.086700 4.113800 -5.694700
v -0.974000 3.981699 -5.736300
v -0.958400 3.964799 -5.741701
v -0.954000 3.955499 -5.744600
v -0.954900 3.943700 -5.747900
v -0.960200 3.939699 -5.749900
v -2.936800 4.751801 3.601700
v -3.208200 4.404301 3.669100
v -3.224600 4.704400 -4.011301
v -2.942900 5.048600 -3.912801
v -2.566800 5.339700 -3.811400
v -2.574400 5.042800 3.528700
v 2.173200 5.624800 -3.688801
v 2.648000 5.385300 -3.793300
v 2.600100 5.127000 3.504499
v 2.119400 5.368501 3.423399
v 2.991600 4.846701 3.580100
v 3.292200 4.515501 3.649700
v 3.333000 4.771399 -3.993201
v 3.034600 5.102799 -3.895000
v -2.124800 5.295200 3.449500
v -1.594400 5.510601 3.369800
v -1.560100 5.788099 -3.608001
v -2.102900 5.586699 -3.706800
v -0.955000 5.935599 -3.530200
v -0.998600 5.675500 3.305000
v 3.536900 4.374899 -4.090500
v 3.495700 4.107000 3.713900
v 3.594800 3.615400 3.764300
v 3.579400 3.051400 3.809800
v 3.616400 3.374300 -4.301600
v 3.636000 3.906900 -4.190801
v -0.358600 5.771300 3.265599
v 0.299300 5.784700 3.259900
v 0.354300 6.021800 -3.481700
v -0.308200 6.017200 -3.484500
v -3.449500 3.470000 3.777200
v -3.382400 3.976600 3.729200
v -3.408500 4.291999 -4.109400
v -3.484600 3.807800 -4.211700
v 3.449800 2.457900 3.854900
v 3.481400 2.805100 -4.421400
v 0.948900 5.713301 3.289599
v 1.004800 5.952400 -3.520801
v -3.401500 2.900200 3.820400
v -3.443700 3.261400 -4.325500
v 3.215200 1.892400 3.909800
v 2.887800 1.379500 3.962200
v 2.926800 1.713700 -4.667500
v 3.246900 2.242600 -4.545200
v 1.563200 5.568601 3.347300
v 1.618700 5.816500 -3.593200
v -1.772800 0.792300 -4.904500
v -2.276000 1.154700 -4.805900
v -2.228100 0.844000 4.024800
v -1.722400 0.518800 4.066400
v 2.483600 0.933800 4.014300
v 2.525700 1.242400 -4.783100
v 1.468300 0.576700 -4.969800
v 2.039300 0.857500 -4.885700
v 1.994000 0.583900 4.057800
v 1.428900 0.335000 4.093800
v 0.802700 0.184200 4.118500
v 0.824900 0.406500 -5.026000
v -0.538000 0.382600 -5.033700
v 0.144500 0.341600 -5.048000
v 0.145700 0.128600 4.127500
v -0.512300 0.163200 4.121400
v -1.144900 0.292200 4.100000
v -1.188600 0.533000 -4.983700
v -2.649400 1.267100 3.976100
v -2.694300 1.607400 -4.693100
v -3.288700 2.685300 -4.447500
v -3.033300 2.125500 -4.572100
v -2.989000 1.766500 3.922500
v -3.244000 2.316800 3.867000
v -4.554300 3.327500 -0.569100
v -4.178300 3.502800 -0.539200
v -3.585800 3.625200 -0.547800
v 2.865500 3.713100 -0.646700
v 3.587700 3.649600 -0.558900
v 4.638700 3.372800 -0.556700
v 4.213000 3.546900 -0.535900
v -2.111000 3.754600 -0.737800
v -2.876700 3.699000 -0.622400
v -1.292800 3.794800 -0.835100
v 4.881700 3.152900 -0.590500
v 4.778400 2.497300 -0.670000
v 4.921400 2.865000 -0.622200
v 0.407300 3.805200 -0.901400
v -0.447500 3.805600 -0.895300
v -4.748100 3.100900 -0.596500
v -4.757400 2.787800 -0.626600
v 4.490100 2.055000 -0.734200
v 1.256100 3.798100 -0.850800
v -4.585800 2.401400 -0.678000
v 3.515600 1.171200 -0.991400
v 4.052500 1.596400 -0.842400
v 2.083700 3.764100 -0.762100
v -2.009800 0.489800 -1.420200
v -2.640000 0.747900 -1.221600
v 2.925000 0.816500 -1.177800
v 1.640900 0.300600 -1.576100
v 2.302000 0.531400 -1.378400
v 0.942100 0.146200 -1.724100
v -0.636600 0.177800 -1.738300
v 0.158900 0.112900 -1.777500
v -1.342900 0.303400 -1.608100
v -3.237200 1.083900 -1.030300
v -4.250600 1.953200 -0.754500
v -3.788300 1.496300 -0.872700
vn 0.0136 0.2789 -0.9602
vn 0.0130 0.2879 -0.9576
vn -0.6007 0.3421 -0.7226
vn -0.5606 0.4289 -0.7083
vn -0.0006 0.2822 -0.9593
vn -0.0002 0.2900 -0.9570
vn 0.0001 0.2592 -0.9658
vn 0.0003 0.2543 -0.9671
vn -0.0007 0.2614 -0.9652
vn 0.0003 0.1883 -0.9821
vn -0.0199 0.1938 -0.9808
vn -0.0008 0.2397 -0.9709
vn -0.0000 0.2382 -0.9712
vn 0.0002 0.2427 -0.9701
vn -0.0000 0.2455 -0.9694
vn 0.0001 0.2505 -0.9681
vn 0.0007 0.2470 -0.9690
vn -0.0001 0.2420 -0.9703
vn 0.0139 0.1979 -0.9801
vn -0.1310 0.7328 -0.6677
vn -0.0069 0.7449 -0.6671
vn 0.1123 0.7386 -0.6647
vn -0.7113 -0.1604 -0.6844
vn -0.6417 -0.2948 -0.7081
vn -0.8107 -0.5852 -0.0168
vn -0.8991 -0.4377 0.0079
vn -0.4410 -0.4260 0.7900
vn -0.4801 -0.3666 0.7969
vn -0.9609 -0.2759 0.0237
vn -0.5174 -0.2920 0.8044
vn -0.5002 -0.3777 0.7792
vn -0.5412 -0.3022 0.7847
vn -0.9309 -0.1812 -0.3171
vn -0.9482 -0.0158 -0.3173
vn -0.8794 -0.3527 -0.3197
vn -0.4568 -0.4384 0.7740
vn -0.8332 -0.1629 -0.5284
vn -0.8369 -0.0154 -0.5472
vn -0.6145 0.7849 -0.0793
vn -0.2474 0.9258 -0.2859
vn -0.3029 0.9469 0.1078
vn -0.6721 0.7208 0.1697
vn -0.0567 0.9306 -0.3616
vn -0.1071 0.9884 0.1075
vn 0.0839 0.9907 0.1075
vn 0.0289 0.9934 0.1114
vn 0.0028 0.9350 -0.3546
vn 0.0494 0.9388 -0.3410
vn -0.2945 -0.8910 0.3455
vn -0.2346 -0.6678 0.7064
vn -0.3496 -0.6002 0.7194
vn -0.4421 -0.8108 0.3835
vn -0.5854 -0.7007 0.4078
vn -0.4527 -0.5168 0.7267
vn -0.4033 -0.4351 0.8050
vn -0.4756 -0.3375 0.8123
vn -0.5492 -0.4196 0.7227
vn -0.3145 -0.5155 0.7971
vn -0.5262 -0.2290 0.8189
vn -0.6247 -0.3090 0.7171
vn -0.5960 -0.4500 0.6650
vn -0.6620 -0.3174 0.6790
vn -0.7035 -0.1889 0.6852
vn -0.5578 -0.1240 0.8207
vn -0.5548 -0.4002 0.7294
vn -0.6152 -0.2822 0.7361
vn -0.6546 -0.1614 0.7385
vn -0.2350 -0.0240 0.9717
vn -0.2490 0.0201 0.9683
vn -0.2551 0.0668 0.9646
vn -0.6728 -0.0385 0.7388
vn 0.8947 0.0620 0.4423
vn 0.8774 0.2095 0.4317
vn 0.6917 0.1982 0.6945
vn 0.7026 0.0839 0.7066
vn 0.0011 0.0981 0.9952
vn 0.0647 0.0887 0.9940
vn 0.0662 0.0961 0.9932
vn 0.7473 -0.3306 0.5764
vn 0.8293 -0.2040 0.5202
vn 0.6565 -0.1166 0.7453
vn 0.5914 -0.2188 0.7762
vn 0.8757 -0.0733 0.4772
vn 0.6904 -0.0217 0.7231
vn -0.2453 0.1848 0.9517
vn -0.6531 0.2198 0.7247
vn -0.6722 0.0861 0.7353
vn -0.2546 0.1211 0.9594
vn -0.7244 -0.0569 0.6870
vn -0.5708 -0.0222 0.8208
vn -0.6670 -0.1880 0.7210
vn -0.8090 -0.4353 0.3950
vn -0.7133 -0.5739 0.4023
vn 0.4917 0.8549 -0.1654
vn 0.5689 0.8105 0.1395
vn 0.2375 0.9652 0.1090
vn 0.1856 0.9359 -0.2994
vn -0.0057 0.9341 -0.3569
vn -0.0200 0.9926 0.1197
vn -0.0385 0.9926 0.1154
vn -0.0099 0.9312 -0.3644
vn -0.8275 0.4675 -0.3110
vn -0.8911 0.3253 -0.3165
vn -0.7770 0.3178 -0.5434
vn -0.7240 0.4986 -0.4767
vn -0.9317 0.1726 -0.3196
vn -0.8159 0.1538 -0.5574
vn -0.5748 -0.2164 0.7891
vn -0.5418 -0.2087 0.8142
vn -0.9941 -0.1024 0.0349
vn -0.9959 0.0786 0.0444
vn -0.7633 0.1340 -0.6320
vn -0.7532 -0.0121 -0.6576
vn 0.5489 0.4475 -0.7060
vn -0.0133 0.2754 -0.9612
vn -0.0155 0.2654 -0.9640
vn 0.4963 0.5274 -0.6896
vn -0.0312 0.2127 -0.9766
vn 0.0003 0.2563 -0.9666
vn 0.0001 0.2587 -0.9660
vn -0.0215 0.2368 -0.9713
vn 0.2335 0.7132 -0.6610
vn 0.3431 0.6613 -0.6671
vn 0.4280 0.6009 -0.6751
vn -0.0215 0.2583 -0.9658
vn -0.5551 -0.1355 0.8207
vn -0.9684 0.2464 0.0380
vn -0.5554 -0.0557 0.8297
vn -0.5940 -0.1306 0.7938
vn -0.6004 -0.0434 0.7985
vn -0.0011 0.9917 0.1289
vn -0.0062 0.9335 -0.3585
vn 0.9501 0.2944 0.1035
vn 0.9007 0.4162 0.1249
vn -0.8682 -0.2873 0.4047
vn -0.6774 -0.0626 0.7330
vn -0.5670 0.0902 0.8187
vn -0.6658 0.0734 0.7425
vn -0.7246 0.0769 0.6848
vn -0.7048 0.2219 0.6738
vn -0.5484 0.2135 0.8085
vn -0.2292 0.2537 0.9397
vn -0.6201 0.3565 0.6988
vn 0.0479 0.0742 0.9961
vn 0.0569 0.0781 0.9953
vn 0.4925 -0.5127 0.7033
vn 0.3946 -0.3670 0.8424
vn 0.2813 -0.4079 0.8686
vn 0.3490 -0.5629 0.7493
vn 0.6325 -0.4339 0.6416
vn 0.5042 -0.3021 0.8090
vn -0.1903 0.4042 0.8946
vn -0.5131 0.6629 0.5453
vn -0.5738 0.5128 0.6386
vn -0.2114 0.3241 0.9221
vn -0.6705 0.3730 0.6414
vn -0.5184 0.3526 0.7790
vn -0.6109 0.4177 0.6726
vn -0.6435 0.2276 0.7308
vn -0.8899 0.0481 0.4536
vn -0.8935 -0.1259 0.4310
vn 0.8388 -0.4788 0.2590
vn 0.8635 -0.5020 0.0480
vn 0.9697 -0.2443 0.0004
vn 0.9485 -0.1694 0.2677
vn -0.0058 0.9265 -0.3763
vn -0.0034 0.9911 0.1332
vn 0.0058 0.9911 0.1332
vn 0.0085 0.9266 -0.3759
vn -0.6572 0.7272 -0.1982
vn -0.7546 0.5930 -0.2808
vn -0.6519 0.6699 -0.3553
vn -0.5547 0.8043 -0.2133
vn -0.5000 0.1361 0.8553
vn -0.5777 0.0502 0.8147
vn -0.5425 0.0315 0.8395
vn -0.8442 0.5355 0.0230
vn -0.9186 0.3944 0.0254
vn -0.6355 0.4999 -0.5884
vn -0.6949 0.4029 -0.5957
vn 0.6234 0.2675 -0.7348
vn 0.6379 0.1682 -0.7515
vn -0.0135 0.2965 -0.9549
vn 0.0030 0.2832 -0.9591
vn 0.0042 0.3175 -0.9483
vn -0.0139 0.2929 -0.9560
vn 0.5914 0.3644 -0.7193
vn 0.0003 0.2725 -0.9622
vn 0.0008 0.2648 -0.9643
vn 0.0001 0.2660 -0.9640
vn -0.0002 0.2530 -0.9675
vn -0.0002 0.2496 -0.9683
vn 0.0222 0.2234 -0.9745
vn -0.2549 0.7001 -0.6670
vn -0.5459 -0.4119 -0.7296
vn -0.4283 -0.5096 -0.7463
vn -0.5468 -0.8345 -0.0681
vn -0.6933 -0.7193 -0.0427
vn -0.3438 -0.5387 0.7691
vn -0.3985 -0.4828 0.7798
vn -0.4100 -0.4957 0.7656
vn -0.8000 -0.5027 -0.3276
vn -0.7364 -0.4492 -0.5059
vn -0.7988 -0.3180 -0.5107
vn -0.9440 0.2608 0.2022
vn -0.9717 0.1868 0.1444
vn -0.9461 -0.3205 0.0464
vn -0.9221 -0.2454 0.2993
vn -0.1336 -0.9421 0.3075
vn -0.1103 -0.7118 0.6936
vn -0.2131 -0.5731 0.7913
vn -0.3889 -0.6635 0.6392
vn -0.5021 -0.5683 0.6519
vn -0.4658 -0.5135 0.7207
vn -0.1816 -0.1166 0.9764
vn -0.2147 -0.0686 0.9743
vn 0.7575 0.4946 0.4261
vn 0.5972 0.4240 0.6809
vn 0.6565 0.3119 0.6868
vn 0.8329 0.3536 0.4257
vn 0.0654 0.1043 0.9924
vn 0.0626 0.1129 0.9916
vn 0.0848 -0.6027 0.7934
vn 0.2168 -0.5900 0.7778
vn 0.1744 -0.4284 0.8866
vn 0.0683 -0.4389 0.8959
vn -0.1731 0.4711 0.8650
vn -0.4413 0.7823 0.4397
vn -0.5453 0.7088 0.4475
vn -0.6145 0.5450 0.5705
vn -0.4305 0.6610 0.6147
vn -0.4813 0.5189 0.7064
vn -0.5476 0.6210 0.5608
vn -0.8673 0.2465 0.4325
vn 0.7721 -0.5998 0.2102
vn 0.7553 -0.6532 0.0523
vn 0.0023 0.9320 -0.3624
vn -0.0017 0.9914 0.1311
vn -0.3267 0.9451 0.0056
vn -0.3919 0.9179 0.0619
vn -0.5299 0.8460 -0.0595
vn -0.4311 0.8986 -0.0817
vn -0.3796 0.1848 0.9065
vn -0.3872 0.1603 0.9079
vn -0.4864 0.1189 0.8656
vn 0.0004 0.2787 -0.9604
vn -0.0002 0.2791 -0.9603
vn -0.0002 0.2733 -0.9619
vn -0.0001 0.2738 -0.9618
vn -0.0005 0.2684 -0.9633
vn 0.0009 0.2672 -0.9636
vn 0.0005 0.2727 -0.9621
vn 0.0001 0.2629 -0.9648
vn -0.0002 0.2594 -0.9658
vn 0.0201 0.2475 -0.9687
vn -0.3557 0.6497 -0.6719
vn -0.2931 -0.5842 -0.7568
vn -0.3760 -0.9229 -0.0825
vn -0.6853 -0.6405 -0.3465
vn -0.3538 -0.5512 0.7556
vn -0.5382 -0.7609 -0.3624
vn -0.2826 -0.6028 0.7462
vn -0.6381 -0.5811 -0.5051
vn -0.8180 -0.5167 0.2526
vn -0.8340 -0.5475 0.0686
vn 0.1719 -0.9330 0.3161
vn 0.1376 -0.7011 0.6997
vn 0.0132 -0.7229 0.6908
vn 0.0143 -0.9555 0.2947
vn -0.1023 -0.6105 0.7853
vn 0.0103 -0.6233 0.7819
vn -0.2624 -0.7315 0.6294
vn -0.2437 -0.6643 0.7067
vn -0.3600 -0.6023 0.7125
vn -0.1403 -0.1554 0.9778
vn 0.6566 0.6204 0.4290
vn 0.5174 0.5234 0.6770
vn 0.0581 0.1213 0.9909
vn -0.0385 -0.6044 0.7958
vn -0.0296 -0.4400 0.8975
vn -0.1336 -0.4328 0.8915
vn -0.1659 -0.5956 0.7860
vn -0.0836 0.6007 0.7951
vn -0.2062 0.9509 0.2307
vn -0.3226 0.8925 0.3154
vn -0.1297 0.5446 0.8286
vn -0.4650 0.8328 0.3005
vn -0.3563 0.7812 0.5126
vn -0.3938 0.8594 0.3260
vn -0.4802 0.7586 0.4403
vn -0.7198 0.6698 0.1822
vn -0.8137 0.4811 0.3263
vn 0.5699 -0.8163 0.0944
vn 0.5597 -0.8284 0.0210
vn 0.6591 -0.7514 0.0333
vn 0.6749 -0.7242 0.1416
vn 0.0151 0.9931 0.1166
vn 0.0121 0.9394 -0.3426
vn -0.2318 0.9614 0.1483
vn -0.1373 0.1647 0.9767
vn -0.2496 0.1866 0.9502
vn -0.2522 0.1676 0.9530
vn -0.4327 0.8642 0.2569
vn -0.6003 0.7875 0.1396
vn -0.3903 0.7646 -0.5128
vn -0.4849 0.6761 -0.5548
vn -0.7400 0.6702 0.0571
vn 0.6171 -0.0047 -0.7869
vn 0.5809 -0.0911 -0.8089
vn -0.0141 0.3426 -0.9394
vn -0.0092 0.3326 -0.9430
vn 0.6346 0.0821 -0.7684
vn -0.0068 0.3201 -0.9474
vn 0.0102 0.3143 -0.9493
vn -0.0182 0.3715 -0.9283
vn -0.0175 0.3548 -0.9348
vn 0.5016 -0.1896 -0.8440
vn 0.3961 -0.2426 -0.8856
vn -0.0094 0.4019 -0.9156
vn -0.0159 0.3908 -0.9203
vn 0.2814 -0.2408 -0.9289
vn 0.1441 -0.2387 -0.9603
vn 0.0553 -0.2325 -0.9710
vn -0.0028 0.4081 -0.9130
vn -0.0466 -0.2324 -0.9715
vn 0.0038 0.4094 -0.9124
vn -0.3952 -0.2308 -0.8891
vn -0.4930 -0.1981 -0.8472
vn 0.0226 0.3583 -0.9333
vn 0.0221 0.3757 -0.9265
vn 0.0046 0.3016 -0.9534
vn -0.6276 0.2491 -0.7376
vn -0.0041 0.3036 -0.9528
vn 0.3184 -0.5714 -0.7564
vn 0.4547 -0.4929 -0.7418
vn 0.5776 -0.8138 -0.0635
vn 0.4088 -0.9088 -0.0833
vn 0.2081 -0.6258 0.7517
vn 0.1122 -0.6543 0.7479
vn 0.2177 -0.9718 -0.0911
vn 0.0089 -0.6642 0.7475
vn 0.1134 -0.6681 0.7353
vn 0.0080 -0.6792 0.7339
vn 0.2139 -0.9010 -0.3774
vn 0.0166 -0.9255 -0.3784
vn 0.4011 -0.8372 -0.3719
vn 0.2126 -0.6382 0.7399
vn 0.1975 -0.8600 -0.4706
vn 0.0170 -0.8866 -0.4623
vn -0.4377 -0.8991 0.0020
vn -0.3330 -0.9428 -0.0119
vn -0.3395 -0.9403 0.0218
vn -0.4578 -0.8875 0.0527
vn 0.8221 -0.4046 0.4005
vn 0.6329 -0.2807 0.7216
vn 0.5713 -0.3930 0.7205
vn 0.7408 -0.5420 0.3969
vn 0.6171 -0.6769 0.4012
vn 0.4790 -0.5008 0.7209
vn 0.4191 -0.4140 0.8081
vn 0.3332 -0.4984 0.8003
vn 0.3744 -0.5872 0.7177
vn 0.4903 -0.3135 0.8132
vn 0.2365 -0.5645 0.7908
vn 0.2576 -0.6554 0.7100
vn 0.4146 -0.6430 0.6440
vn 0.2923 -0.7191 0.6304
vn 0.1555 -0.7673 0.6221
vn 0.1272 -0.6079 0.7838
vn 0.3866 -0.5819 0.7155
vn 0.2702 -0.6529 0.7076
vn 0.1442 -0.6973 0.7022
vn 0.1048 -0.1728 0.9794
vn 0.0564 -0.1967 0.9788
vn 0.0039 -0.2033 0.9791
vn 0.0105 -0.7142 0.6998
vn 0.1317 0.8899 0.4367
vn -0.0099 0.8990 0.4378
vn -0.0068 0.7385 0.6742
vn 0.1041 0.7309 0.6745
vn 0.0227 0.1490 0.9886
vn 0.0118 0.1519 0.9883
vn -0.2968 -0.5777 0.7604
vn -0.2325 -0.4153 0.8795
vn -0.0371 0.6307 0.7752
vn 0.0178 0.6346 0.7726
vn 0.0420 0.9827 0.1804
vn -0.0867 0.9784 0.1876
vn -0.2136 0.9737 0.0793
vn -0.3354 0.9281 0.1615
vn -0.1668 0.9122 0.3743
vn -0.2653 0.8673 0.4212
vn -0.2992 0.9201 0.2526
vn -0.5955 0.8027 0.0322
vn 0.4892 -0.8700 0.0611
vn 0.4677 -0.8838 0.0067
vn 0.0566 0.9935 0.0991
vn 0.0660 0.9776 0.1998
vn -0.0799 0.9774 0.1959
vn -0.0728 0.9924 0.0991
vn -0.2017 0.9769 0.0706
vn -0.0435 0.1443 0.9886
vn -0.0492 0.1236 0.9911
vn -0.1454 0.1440 0.9788
vn -0.2649 0.8945 0.3602
vn -0.0937 0.9029 0.4195
vn -0.0670 0.9348 -0.3489
vn -0.1859 0.9034 -0.3864
vn 0.0376 0.1199 0.9921
vn 0.0735 0.9033 0.4227
vn 0.0368 0.1451 0.9887
vn 0.2179 0.9629 0.1594
vn 0.1322 0.1589 0.9784
vn 0.3856 -0.9226 -0.0078
vn 0.3935 -0.9189 0.0289
vn 0.2928 -0.9560 0.0182
vn 0.2875 -0.9576 -0.0182
vn -0.4813 0.8699 -0.1079
vn -0.3591 0.9066 -0.2218
vn -0.1976 0.9582 0.2066
vn -0.0695 0.9316 0.3568
vn -0.0843 0.9803 0.1789
vn -0.0874 0.9955 0.0353
vn 0.0427 0.9986 0.0301
vn 0.0331 0.9337 0.3566
vn 0.0697 0.6156 0.7850
vn 0.1639 0.9625 0.2160
vn 0.1123 0.5706 0.8135
vn 0.2803 0.9159 0.2872
vn -0.3498 -0.3814 0.8557
vn -0.4414 -0.5371 0.7188
vn -0.0347 0.0706 0.9969
vn -0.0225 0.0679 0.9974
vn -0.0439 0.0709 0.9965
vn -0.7062 -0.3716 0.6027
vn -0.5759 -0.4703 0.6687
vn -0.4605 -0.3301 0.8240
vn -0.5545 -0.2514 0.7933
vn 0.1593 0.4990 0.8518
vn 0.4037 0.8246 0.3964
vn 0.2924 0.9479 0.1261
vn 0.1677 0.9841 0.0587
vn 0.2298 0.8854 0.4041
vn 0.1353 0.9186 0.3713
vn 0.1623 0.9689 0.1866
vn 0.0402 0.9846 0.1704
vn -0.2441 0.9235 -0.2959
vn 0.1397 -0.9901 0.0101
vn 0.1365 -0.9903 -0.0265
vn 0.4281 0.9004 -0.0769
vn 0.5188 0.8534 -0.0507
vn 0.3618 0.9297 0.0690
vn 0.2972 0.9545 0.0238
vn 0.1824 0.9804 0.0738
vn 0.2335 0.1779 0.9559
vn 0.2465 0.1623 0.9555
vn 0.1288 0.1378 0.9820
vn 0.2403 0.8966 0.3719
vn 0.4177 0.8657 0.2760
vn 0.2798 0.8495 -0.4473
vn 0.1694 0.9064 -0.3869
vn 0.3618 0.1705 0.9165
vn 0.5809 0.7987 0.1570
vn 0.3521 0.1882 0.9169
vn 0.6458 0.7458 -0.1634
vn 0.7045 0.4928 0.5108
vn 0.4713 0.1690 0.8656
vn -0.0222 -0.9994 -0.0270
vn -0.0210 -0.9998 0.0022
vn -0.1369 -0.9906 0.0018
vn -0.1348 -0.9906 -0.0247
vn -0.0986 0.9336 -0.3446
vn 0.0500 0.9330 -0.3563
vn 0.1983 0.9236 -0.3281
vn 0.2720 0.9351 0.2273
vn 0.3301 0.8152 0.4759
vn 0.3651 0.8803 0.3028
vn 0.4232 0.8711 0.2490
vn 0.1859 0.4326 0.8822
vn 0.4800 0.7133 0.5107
vn 0.2058 0.3557 0.9117
vn 0.5527 0.5596 0.6176
vn -0.6334 -0.1519 0.7588
vn -0.8044 -0.2474 0.5401
vn -0.0570 0.0819 0.9950
vn -0.0502 0.0749 0.9959
vn -0.0616 0.0867 0.9943
vn -0.8825 0.1697 0.4385
vn -0.8879 0.0240 0.4595
vn -0.6985 0.0540 0.7136
vn -0.6935 0.1671 0.7009
vn -0.8613 -0.1179 0.4942
vn -0.6798 -0.0538 0.7314
vn 0.2246 0.2773 0.9342
vn 0.6081 0.4035 0.6837
vn 0.6011 0.6045 0.5226
vn 0.5174 0.7643 0.3848
vn 0.4621 0.5647 0.6837
vn 0.4025 0.7117 0.5757
vn 0.4418 0.8024 0.4013
vn 0.3285 0.9077 -0.2611
vn -0.2404 -0.9706 0.0109
vn -0.2329 -0.9723 -0.0203
vn 0.7148 0.5247 -0.4624
vn 0.8129 0.4910 -0.3132
vn 0.7360 0.6185 -0.2751
vn 0.6315 0.7021 -0.3292
vn 0.5299 0.8266 -0.1895
vn 0.5665 0.0700 0.8211
vn 0.4071 -0.0910 0.9088
vn 0.5349 0.0444 0.8438
vn 0.4703 0.1210 0.8742
vn -0.3077 -0.5814 0.7532
vn -0.5019 -0.6863 0.5264
vn -0.1350 -0.2403 -0.9613
vn 0.0103 0.4035 -0.9149
vn -0.2529 -0.2436 -0.9363
vn 0.0191 0.3945 -0.9187
vn 0.7267 0.6844 0.0595
vn 0.8312 0.5555 0.0222
vn 0.5533 0.6025 -0.5751
vn 0.4738 0.6849 -0.5535
vn 0.5552 -0.0432 0.8306
vn 0.9074 0.4197 0.0238
vn 0.5997 -0.0270 0.7998
vn 0.8800 0.3528 -0.3180
vn 0.5966 -0.1117 0.7947
vn 0.4367 0.8869 -0.1504
vn 0.5591 0.8290 -0.0145
vn 0.5284 0.6653 0.5274
vn 0.5113 0.3997 0.7608
vn 0.5981 0.4747 0.6457
vn 0.6580 0.4251 0.6215
vn 0.2403 0.2067 0.9484
vn 0.6439 0.2621 0.7188
vn 0.2514 0.1401 0.9577
vn 0.6686 0.1241 0.7332
vn 0.2553 0.0803 0.9635
vn 0.6751 -0.0056 0.7377
vn -0.6642 0.2829 0.6920
vn -0.8456 0.3179 0.4289
vn -0.0604 0.1097 0.9921
vn -0.0626 0.1017 0.9928
vn -0.0561 0.1182 0.9914
vn -0.0424 0.1353 0.9899
vn -0.0499 0.1271 0.9906
vn -0.6798 0.5959 0.4276
vn -0.7795 0.4642 0.4206
vn -0.6087 0.3986 0.6860
vn -0.5314 0.5034 0.6813
vn 0.2518 0.0319 0.9673
vn 0.6616 -0.1266 0.7391
vn 0.7261 -0.0214 0.6873
vn 0.7193 0.1171 0.6848
vn 0.5612 0.1244 0.8183
vn 0.5398 0.2587 0.8010
vn 0.6943 0.2684 0.6678
vn 0.6364 0.2881 0.7155
vn 0.6802 0.7219 0.1274
vn -0.5579 -0.8243 0.0960
vn -0.5385 -0.8423 0.0218
vn 0.8349 0.0218 -0.5500
vn 0.9477 0.0255 -0.3180
vn 0.9300 0.1909 -0.3140
vn 0.8084 0.1792 -0.5606
vn 0.7698 0.3513 -0.5329
vn 0.5812 -0.2012 0.7885
vn 0.5464 -0.1956 0.8144
vn 0.5573 -0.1188 0.8218
vn -0.5763 -0.1058 -0.8104
vn -0.6147 -0.0202 -0.7885
vn 0.0140 0.3338 -0.9425
vn 0.0189 0.3450 -0.9384
vn 0.9614 0.2728 0.0363
vn 0.9934 0.1078 0.0381
vn 0.7364 0.2967 -0.6080
vn 0.6882 0.4178 -0.5932
vn 0.5222 -0.2795 0.8057
vn 0.9971 -0.0687 0.0341
vn 0.5506 -0.2900 0.7828
vn 0.9360 -0.1543 -0.3164
vn 0.5118 -0.3612 0.7795
vn -0.6396 -0.7674 0.0440
vn -0.6562 -0.7404 0.1455
vn -0.7451 -0.6355 0.2026
vn -0.7364 -0.6735 0.0646
vn 0.7888 0.5417 0.2905
vn 0.8598 0.3084 0.4069
vn 0.6641 0.1134 0.7390
vn 0.5712 0.0054 0.8208
vn 0.6747 -0.0297 0.7375
vn 0.5651 -0.0962 0.8194
vn 0.6675 -0.1550 0.7283
vn 0.7128 -0.1514 0.6848
vn 0.2404 -0.0143 0.9706
vn 0.6260 -0.2531 0.7376
vn 0.2203 -0.0594 0.9736
vn 0.5678 -0.3778 0.7313
vn 0.1882 -0.1083 0.9762
vn 0.4856 -0.4913 0.7230
vn -0.3420 0.6524 0.6763
vn -0.4363 0.7884 0.4337
vn -0.5623 0.7056 0.4311
vn -0.4401 0.5885 0.6782
vn -0.0336 0.1422 0.9893
vn -0.0236 0.1478 0.9887
vn -0.0121 0.1515 0.9884
vn 0.0001 0.1529 0.9882
vn 0.1508 -0.1465 0.9776
vn 0.5226 -0.5421 0.6580
vn 0.6113 -0.4232 0.6687
vn 0.5389 -0.2077 0.8163
vn 0.6761 -0.2889 0.6779
vn 0.8906 0.1036 0.4427
vn 0.7560 -0.4180 -0.5037
vn 0.8227 -0.4664 -0.3251
vn 0.8963 -0.3156 -0.3116
vn 0.8088 -0.2827 -0.5157
vn 0.8348 -0.1414 -0.5322
vn 0.4680 -0.4257 0.7744
vn 0.4499 -0.4113 0.7928
vn 0.4887 -0.3507 0.7988
vn -0.6346 0.0698 -0.7697
vn 0.0096 0.3203 -0.9473
vn -0.6387 0.1558 -0.7535
vn 0.0062 0.3062 -0.9519
vn 0.9707 -0.2389 0.0270
vn 0.9166 -0.3995 0.0127
vn 0.7250 -0.1262 -0.6771
vn 0.7591 0.0194 -0.6507
vn 0.4078 -0.4696 0.7830
vn 0.8342 -0.5515 -0.0048
vn 0.4218 -0.4818 0.7681
vn 0.7114 -0.6136 -0.3427
vn 0.3667 -0.5375 0.7593
vn 0.8957 -0.0792 0.4376
vn 0.8753 -0.2483 0.4150
vn 0.3764 -0.7871 -0.4886
vn 0.5703 -0.7387 -0.3593
vn 0.5333 -0.6816 -0.5010
vn 0.6625 -0.5545 -0.5036
vn 0.2985 -0.5931 0.7477
vn 0.2907 -0.5819 0.7595
vn 0.3576 -0.5285 0.7699
vn -0.5130 0.5062 -0.6933
vn 0.0153 0.2691 -0.9630
vn 0.7207 -0.6924 -0.0347
vn 0.5707 -0.3915 -0.7218
vn 0.5379 0.7271 0.4265
vn 0.4046 0.8055 0.4329
vn 0.3183 0.6665 0.6741
vn 0.4212 0.6054 0.6753
vn 0.2682 0.8596 0.4350
vn 0.2107 0.7076 0.6745
vn -0.0957 -0.1825 0.9786
vn -0.1189 -0.7022 0.7020
vn -0.0472 -0.1985 0.9790
vn 0.0119 -0.7857 0.6185
vn 0.3218 -0.8790 0.3519
vn 0.4794 -0.7871 0.3880
vn -0.3684 -0.8524 -0.3711
vn -0.3390 -0.8046 -0.4875
vn -0.5031 -0.7051 -0.4998
vn -0.1811 -0.9085 -0.3767
vn -0.1668 -0.8667 -0.4702
vn -0.1957 -0.6449 0.7388
vn -0.0968 -0.6715 0.7347
vn -0.0943 -0.6567 0.7482
vn -0.1852 -0.9786 -0.0896
vn 0.0161 -0.9957 -0.0912
vn 0.0120 -0.6452 -0.7639
vn 0.1694 -0.6249 -0.7621
vn -0.0005 0.2759 -0.9612
vn -0.0001 0.2771 -0.9608
vn 0.0002 0.2836 -0.9589
vn -0.0014 0.3023 -0.9532
vn -0.0032 0.3032 -0.9529
vn -0.0001 0.3060 -0.9520
vn 0.0001 0.2843 -0.9587
vn -0.0000 0.2852 -0.9585
vn 0.0002 0.3074 -0.9516
vn -0.0007 0.2858 -0.9583
vn -0.0048 0.2906 -0.9568
vn -0.0035 0.3095 -0.9509
vn -0.0120 0.3052 -0.9522
vn 0.0311 0.3950 -0.9182
vn 0.0707 0.4030 -0.9125
vn -0.0013 0.2895 -0.9572
vn -0.0000 0.2792 -0.9602
vn -0.0000 0.2783 -0.9605
vn -0.0003 0.2703 -0.9628
vn -0.0004 0.2693 -0.9631
vn 0.0211 0.2632 -0.9645
vn -0.4417 0.5828 -0.6821
vn -0.1906 -0.6315 0.7516
vn -0.1446 -0.6308 -0.7623
vn -0.1278 -0.7730 0.6214
vn 0.0619 0.0813 0.9948
vn 0.0289 0.0697 0.9971
vn 0.0390 0.0718 0.9967
vn 0.0079 0.0674 0.9977
vn 0.0184 0.0683 0.9975
vn 0.0514 0.1297 0.9902
vn -0.0136 0.0666 0.9977
vn -0.0027 0.0667 0.9978
vn -0.0632 0.0940 0.9936
vn 0.0433 0.1373 0.9896
vn 0.0333 0.1440 0.9890
vn 0.2066 0.2062 0.9565
vn 0.2232 0.1700 0.9598
vn 0.2322 0.1326 0.9636
vn -0.0887 -0.0443 0.9951
vn -0.1222 -0.0294 0.9921
vn -0.1562 -0.0094 0.9877
vn -0.1849 0.0061 0.9827
vn -0.2047 0.0285 0.9784
vn -0.2208 0.0594 0.9735
vn -0.2303 0.1228 0.9653
vn -0.2221 0.1589 0.9620
vn -0.2063 0.1981 0.9582
vn -0.1197 0.2934 0.9485
vn -0.1543 0.2670 0.9513
vn 0.1500 0.2741 0.9499
vn 0.1809 0.2426 0.9531
vn 0.2305 0.0653 0.9709
vn 0.2349 0.0964 0.9672
vn 0.1737 -0.0070 0.9848
vn 0.1955 0.0136 0.9806
vn 0.0386 0.3258 0.9447
vn 0.0764 0.3165 0.9455
vn -0.1840 0.2353 0.9544
vn -0.2339 0.6988 0.6760
vn -0.0828 0.3128 0.9462
vn -0.1213 0.7278 0.6750
vn -0.0424 0.3246 0.9449
vn -0.0013 0.3289 0.9444
vn 0.2162 0.0411 0.9755
vn 0.1426 -0.0251 0.9895
vn 0.1067 -0.0405 0.9935
vn 0.0684 -0.0501 0.9964
vn 0.0281 -0.0556 0.9981
vn -0.0112 -0.0567 0.9983
vn -0.0508 -0.0525 0.9973
vn -0.2304 0.0881 0.9691
vn 0.1139 0.2997 0.9472
vn -0.2991 0.8486 0.4363
vn -0.1556 0.8855 0.4378
vn 0.4550 0.8732 -0.1745
vn 0.4559 0.8654 -0.2078
vn 0.4569 0.8682 -0.1935
vn 0.4523 0.8765 -0.1649
vn 0.3368 0.9327 -0.1293
vn 0.3466 0.9261 -0.1491
vn 0.3399 0.9312 -0.1317
vn 0.3330 0.9357 -0.1166
vn 0.3997 0.8568 -0.3259
vn 0.4182 0.8898 -0.1825
vn 0.4117 0.8937 -0.1785
vn 0.3902 0.8672 -0.3093
vn 0.4385 0.8276 -0.3505
vn 0.4470 0.8754 -0.1840
vn 0.4414 0.8764 -0.1927
vn 0.4278 0.8287 -0.3609
vn 0.4463 0.8635 -0.2348
vn 0.4539 0.8732 -0.1776
vn 0.4508 0.8731 -0.1856
vn 0.4325 0.8550 -0.2863
vn 0.4547 0.8651 -0.2118
vn 0.4544 0.8728 -0.1784
vn 0.3637 0.9014 -0.2348
vn 0.3953 0.8966 -0.1999
vn 0.3805 0.9019 -0.2046
vn 0.3551 0.9120 -0.2054
vn 0.4187 0.8361 -0.3545
vn 0.4333 0.8811 -0.1895
vn 0.4271 0.8839 -0.1903
vn 0.4100 0.8446 -0.3442
vn 0.3807 0.8798 -0.2847
vn 0.4046 0.8974 -0.1760
vn 0.3972 0.9004 -0.1776
vn 0.3716 0.8903 -0.2633
vn 0.3479 0.9210 -0.1753
vn 0.3686 0.9094 -0.1927
vn 0.3556 0.9191 -0.1697
vn 0.3418 0.9281 -0.1475
vn 0.3263 0.9407 -0.0928
vn 0.3340 0.9367 -0.1047
vn 0.4536 0.8784 -0.1507
vn 0.4509 0.8768 -0.1674
vn 0.3336 0.9373 -0.1007
vn 0.3307 0.9392 -0.0919
vn 0.4534 0.8769 -0.1593
vn 0.4496 0.8803 -0.1516
vn 0.4608 0.8717 -0.1666
vn 0.4601 0.8720 -0.1672
vn 0.4604 0.8702 -0.1753
vn 0.4620 0.8710 -0.1673
vn 0.4563 0.8723 -0.1754
vn 0.4223 0.8948 -0.1451
vn 0.3922 0.9055 -0.1618
vn 0.4585 0.8728 -0.1673
vn 0.4565 0.8743 -0.1650
vn 0.4433 0.8847 -0.1443
vn 0.4340 0.8907 -0.1356
vn 0.3789 0.9085 -0.1761
vn 0.3600 0.9200 -0.1546
vn 0.3396 0.9324 -0.1237
vn 0.3337 0.9367 -0.1063
vn 0.3509 0.9259 -0.1396
vn 0.4496 0.8707 -0.1991
vn 0.4479 0.8694 -0.2086
vn 0.3766 0.8642 -0.3338
vn 0.3736 0.8742 -0.3101
vn 0.3886 0.8391 -0.3807
vn 0.3959 0.8320 -0.3887
vn 0.4089 0.8316 -0.3758
vn 0.4456 0.8398 -0.3101
vn 0.4446 0.8686 -0.2190
vn 0.3596 0.9067 -0.2205
vn 0.3538 0.9172 -0.1832
vn 0.3799 0.8543 -0.3546
vn 0.3836 0.8459 -0.3705
vn 0.3686 0.8857 -0.2823
vn 0.3647 0.8963 -0.2522
vn 0.3470 0.9263 -0.1467
vn 0.3398 0.9330 -0.1182
vn 0.3253 0.9419 -0.0841
vn 0.3439 0.7806 -0.5219
vn 0.3911 0.8259 -0.4060
vn 0.4442 0.8631 -0.2403
vn 0.4352 0.8629 -0.2569
vn 0.4441 0.8686 -0.2197
vn 0.4549 0.8680 -0.1990
vn 0.4297 0.8797 -0.2038
vn 0.4462 0.8758 -0.1840
vn 0.4235 0.8836 -0.1999
vn 0.4425 0.8781 -0.1822
vn 0.4190 0.8864 -0.1968
vn 0.4396 0.8798 -0.1808
vn 0.4145 0.8903 -0.1887
vn 0.4366 0.8823 -0.1759
vn 0.4096 0.8943 -0.1802
vn 0.4326 0.8856 -0.1689
vn 0.4046 0.8995 -0.1650
vn 0.4275 0.8903 -0.1570
vn 0.3980 0.9054 -0.1475
vn 0.4213 0.8959 -0.1412
vn 0.3904 0.9114 -0.1301
vn 0.4147 0.9011 -0.1269
vn 0.3819 0.9162 -0.1213
vn 0.4073 0.9052 -0.1214
vn 0.3642 0.9219 -0.1324
vn 0.3892 0.9105 -0.1396
vn 0.3373 0.9325 -0.1293
vn 0.3623 0.9212 -0.1420
vn 0.3205 0.9418 -0.1015
vn 0.3443 0.9314 -0.1182
vn 0.3107 0.9480 -0.0690
vn 0.3329 0.9382 -0.0944
vn 0.3032 0.9522 -0.0373
vn 0.3235 0.9436 -0.0706
vn 0.3019 0.9532 -0.0174
vn 0.3202 0.9458 -0.0547
vn 0.3015 0.9535 -0.0024
vn 0.3182 0.9470 -0.0436
vn 0.3001 0.9537 0.0206
vn 0.3132 0.9493 -0.0277
vn 0.3049 0.9520 0.0254
vn 0.3145 0.9490 -0.0214
vn 0.3112 0.9499 0.0289
vn 0.3190 0.9476 -0.0190
vn 0.3223 0.9463 0.0246
vn 0.3249 0.9455 -0.0234
vn 0.3391 0.9407 0.0063
vn 0.3350 0.9414 -0.0381
vn 0.3571 0.9336 -0.0286
vn 0.3475 0.9352 -0.0682
vn 0.3749 0.9241 -0.0745
vn 0.3605 0.9266 -0.1071
vn 0.3887 0.9126 -0.1269
vn 0.3716 0.9158 -0.1523
vn 0.4011 0.8994 -0.1737
vn 0.3821 0.9035 -0.1943
vn 0.4101 0.8852 -0.2197
vn 0.3904 0.8898 -0.2363
vn 0.4167 0.8703 -0.2626
vn 0.3954 0.8753 -0.2784
vn 0.4211 0.8547 -0.3037
vn 0.3989 0.8616 -0.3140
vn 0.4241 0.8412 -0.3355
vn 0.4031 0.8480 -0.3441
vn 0.4274 0.8282 -0.3624
vn 0.4063 0.8367 -0.3673
vn 0.4313 0.8176 -0.3816
vn 0.4096 0.8273 -0.3846
vn 0.4352 0.8088 -0.3955
vn 0.4128 0.8207 -0.3949
vn 0.4412 0.8062 -0.3942
vn 0.4189 0.8195 -0.3911
vn 0.4645 0.8222 -0.3290
vn 0.4465 0.8370 -0.3163
vn 0.4864 0.8361 -0.2537
vn 0.4666 0.8517 -0.2384
vn 0.4859 0.8376 -0.2498
vn 0.4682 0.8530 -0.2308
vn 0.4802 0.8411 -0.2491
vn 0.4660 0.8550 -0.2276
vn 0.4775 0.8433 -0.2467
vn 0.4675 0.8567 -0.2181
vn 0.4780 0.8511 -0.2173
vn 0.4664 0.8640 -0.1895
vn 0.4473 0.8682 -0.2149
vn 0.4534 0.8711 -0.1887
vn 0.3819 0.8207 -0.4250
vn 0.4324 0.8691 -0.2403
vn -0.6996 0.7024 -0.1308
vn -0.5916 0.8039 0.0611
vn -0.3425 0.8872 0.3092
vn -0.2117 0.9034 0.3728
vn -0.0783 0.9109 0.4051
vn 0.0593 0.9116 0.4068
vn 0.1893 0.9054 0.3800
vn 0.3137 0.8924 0.3244
vn 0.4495 0.8646 0.2244
vn 0.5646 0.8212 0.0825
vn 0.6825 0.7245 -0.0968
vn 0.7869 0.5470 -0.2855
vn 0.8325 0.3692 -0.4130
vn 0.8647 0.1631 -0.4751
vn 0.8799 -0.0159 -0.4749
vn 0.8756 -0.1843 -0.4466
vn 0.8443 -0.3323 -0.4204
vn 0.7854 -0.4693 -0.4035
vn 0.6886 -0.6148 -0.3844
vn 0.5489 -0.7585 -0.3514
vn 0.3835 -0.8727 -0.3021
vn 0.1927 -0.9495 -0.2474
vn 0.0195 -0.9737 -0.2268
vn -0.1650 -0.9547 -0.2475
vn -0.3388 -0.8932 -0.2957
vn -0.6614 -0.6467 -0.3799
vn -0.7674 -0.5019 -0.3990
vn -0.7952 0.5153 -0.3196
vn -0.8432 0.3240 -0.4290
vn -0.4587 0.8618 0.2165
vn -0.8701 0.1310 -0.4751
vn -0.8814 -0.0474 -0.4701
vn -0.8708 -0.2126 -0.4432
vn -0.5198 -0.7812 -0.3458
vn -0.8330 -0.3635 -0.4172
vn 0.4750 0.1880 0.8597
vn 0.4490 0.2649 0.8534
vn 0.4875 0.1150 0.8655
vn 0.4368 0.0047 0.8996
vn 0.4703 0.0568 0.8807
vn 0.3853 -0.0387 0.9220
vn 0.2486 -0.1028 0.9631
vn 0.3230 -0.0753 0.9434
vn 0.3481 0.4072 0.8444
vn 0.4057 0.3415 0.8478
vn 0.1761 -0.1114 0.9780
vn 0.2880 0.4631 0.8382
vn -0.0201 -0.1162 0.9930
vn 0.0433 -0.1170 0.9922
vn 0.1075 -0.1154 0.9875
vn -0.0059 0.5465 0.8374
vn -0.0830 0.5396 0.8378
vn 0.0698 0.5429 0.8369
vn -0.0840 -0.1168 0.9896
vn -0.1506 -0.1142 0.9820
vn -0.2197 -0.1045 0.9700
vn -0.2934 -0.0879 0.9519
vn -0.3657 -0.0526 0.9293
vn -0.4194 -0.0094 0.9078
vn -0.4597 0.0385 0.8872
vn -0.4798 0.0983 0.8718
vn -0.4784 0.1677 0.8620
vn -0.4560 0.2451 0.8556
vn -0.4207 0.3265 0.8464
vn -0.3613 0.3937 0.8452
vn -0.2988 0.4502 0.8414
vn -0.2320 0.4913 0.8395
vn -0.1602 0.5268 0.8348
vn 0.2150 0.4998 0.8390
vn 0.1429 0.5275 0.8375
vn 0.3268 0.5241 -0.7865
vn 0.3805 0.4783 -0.7915
vn 0.4268 0.4282 -0.7966
vn -0.7412 0.2773 -0.6113
vn 0.4625 0.3797 -0.8012
vn 0.4949 0.3169 -0.8091
vn 0.5216 0.2408 -0.8185
vn -0.5619 0.5916 -0.5781
vn 0.5375 0.1635 -0.8273
vn 0.5402 0.0840 -0.8373
vn 0.1807 0.6034 -0.7767
vn 0.2602 0.5684 -0.7806
vn 0.5229 0.0143 -0.8523
vn 0.0892 0.6256 -0.7750
vn -0.2954 0.8426 -0.4502
vn 0.4577 -0.0589 -0.8871
vn 0.3649 -0.0985 -0.9258
vn -0.3410 0.5143 -0.7869
vn -0.2722 0.5608 -0.7819
vn -0.1973 0.5962 -0.7782
vn 0.2682 -0.1209 -0.9558
vn 0.1412 -0.1289 -0.9815
vn 0.0536 -0.1147 -0.9920
vn 0.0534 0.9356 -0.3491
vn -0.0442 -0.1166 -0.9922
vn -0.1303 -0.1285 -0.9831
vn -0.2459 -0.1373 -0.9595
vn 0.3840 0.7703 -0.5091
vn -0.3677 -0.1008 -0.9245
vn -0.4503 -0.0678 -0.8903
vn -0.5184 0.0026 -0.8551
vn 0.6242 0.5177 -0.5852
vn -0.5396 0.0700 -0.8390
vn -0.5377 0.1520 -0.8293
vn -0.5237 0.2285 -0.8207
vn 0.7616 0.1628 -0.6273
vn -0.5023 0.3034 -0.8097
vn -0.4719 0.3657 -0.8022
vn -0.4349 0.4182 -0.7975
vn 0.6642 -0.2674 -0.6981
vn -0.3912 0.4648 -0.7943
vn -0.1045 0.6223 -0.7757
vn -0.0076 0.6317 -0.7751
vn -0.2752 -0.5905 0.7587
vn 0.2623 0.6726 -0.6919
vn 0.1868 0.5708 -0.7996
vn 0.0561 0.3667 -0.9286
vn 0.2346 0.6802 -0.6944
vn -0.0068 0.3253 -0.9456
vn 0.0035 0.2321 -0.9727
vn -0.0158 0.2953 -0.9553
vn 0.0039 0.3423 -0.9396
vn -0.0020 0.3263 -0.9453
vn 0.0003 0.3261 -0.9453
vn -0.0007 0.3250 -0.9457
vn -0.0033 0.3184 -0.9479
vn -0.0075 0.3152 -0.9490
vn -0.0111 0.3155 -0.9489
vn -0.0146 0.3164 -0.9485
vn -0.0192 0.3211 -0.9468
vn -0.0223 0.3291 -0.9440
vn -0.0226 0.3343 -0.9422
vn -0.0218 0.3349 -0.9420
vn -0.0185 0.3348 -0.9421
vn -0.0142 0.3389 -0.9407
vn -0.0091 0.3455 -0.9384
vn -0.0048 0.3486 -0.9373
vn -0.0017 0.3517 -0.9361
vn 0.0018 0.3521 -0.9360
vn 0.0045 0.3504 -0.9366
vn 0.0073 0.3473 -0.9377
vn 0.0121 0.3409 -0.9400
vn 0.0165 0.3365 -0.9415
vn 0.0193 0.3357 -0.9418
vn 0.0215 0.3340 -0.9423
vn 0.0203 0.3283 -0.9443
vn 0.0201 0.3204 -0.9471
vn 0.0187 0.3137 -0.9493
vn -0.0135 0.2912 -0.9566
vn 0.0348 0.3059 -0.9514
vn 0.1789 0.2519 -0.9511
vn 0.0261 0.2903 -0.9566
vn -0.7249 0.6885 -0.0207
vn -0.8436 0.5249 0.1133
vn -0.8306 0.5368 -0.1483
vn -0.6923 0.7184 0.0674
vn -0.5661 0.7876 0.2434
vn -0.5690 0.8022 -0.1808
vn 0.4316 0.8142 0.3884
vn 0.5280 0.8037 0.2744
vn 0.5463 0.8085 -0.2189
vn 0.3911 0.8445 -0.3659
vn 0.6702 0.7367 -0.0901
vn 0.8077 0.5854 0.0702
vn 0.8111 0.5738 -0.1134
vn 0.6793 0.7298 0.0769
vn -0.4458 0.8391 -0.3116
vn -0.3194 0.8433 -0.4323
vn -0.3304 0.8156 0.4750
vn -0.4378 0.8118 0.3864
vn -0.1870 0.8113 0.5539
vn -0.2276 0.8342 -0.5023
vn 0.8881 0.3854 -0.2506
vn 0.9165 0.3365 0.2164
vn 0.9528 0.1140 0.2815
vn 0.9560 -0.1013 0.2753
vn 0.9316 -0.0437 -0.3609
vn 0.9295 0.1498 -0.3370
vn -0.0840 0.8338 -0.5457
vn 0.0436 0.8327 -0.5520
vn 0.0572 0.7998 0.5975
vn -0.0757 0.8005 0.5945
vn -0.9592 0.0513 0.2781
vn -0.9339 0.2725 0.2316
vn -0.8982 0.3375 -0.2816
vn -0.9296 0.1115 -0.3514
vn 0.9316 -0.2663 0.2472
vn 0.9099 -0.2349 -0.3418
vn 0.1856 0.8332 -0.5208
vn 0.1664 0.8097 0.5627
vn -0.9509 -0.1537 0.2686
vn -0.9293 -0.0752 -0.3615
vn 0.8701 -0.4375 0.2268
vn 0.7833 -0.5952 0.1795
vn 0.8113 -0.5141 -0.2784
vn 0.8743 -0.3823 -0.2990
vn 0.2987 0.8350 -0.4621
vn 0.2923 0.8234 0.4863
vn -0.5197 -0.8336 -0.1871
vn -0.6658 -0.7083 -0.2347
vn -0.6317 -0.7612 0.1469
vn -0.4566 -0.8824 0.1137
vn 0.6660 -0.7302 0.1527
vn 0.6955 -0.6763 -0.2427
vn 0.3719 -0.9163 -0.1483
vn 0.5506 -0.8120 -0.1935
vn 0.5000 -0.8569 0.1255
vn 0.3249 -0.9421 0.0833
vn 0.1678 -0.9845 0.0501
vn 0.1803 -0.9779 -0.1062
vn -0.1534 -0.9830 -0.1007
vn 0.0186 -0.9959 -0.0888
vn 0.0134 -0.9994 0.0323
vn -0.1295 -0.9908 0.0398
vn -0.2948 -0.9529 0.0706
vn -0.3254 -0.9352 -0.1396
vn -0.7649 -0.6228 0.1645
vn -0.7849 -0.5519 -0.2816
vn -0.9024 -0.2527 -0.3489
vn -0.8569 -0.4064 -0.3171
vn -0.8590 -0.4751 0.1909
vn -0.9206 -0.3192 0.2251
vn 0.3812 -0.9092 0.1674
vn 0.3811 -0.9091 0.1681
vn 0.3812 -0.9093 0.1666
vn -0.4845 -0.6961 0.5299
vn -0.4843 -0.6958 0.5304
vn -0.4845 -0.6961 0.5298
vn -0.6174 0.7491 0.2403
vn -0.3104 0.8567 0.4119
vn -0.1319 0.8836 0.4493
vn 0.0238 0.8777 0.4785
vn 0.0910 0.8726 0.4798
vn 0.5423 0.7867 0.2950
vn 0.2609 0.8517 0.4545
vn -0.0050 0.8701 0.4929
vn -0.0361 0.8847 0.4648
vn 0.0220 0.8520 0.5231
vn 0.8830 0.4667 0.0496
vn 0.8908 -0.3938 -0.2268
vn 0.9816 -0.0662 -0.1793
vn -0.0059 0.8484 0.5293
vn 0.0100 0.8491 0.5281
vn -0.9277 0.3733 0.0036
vn -0.9644 -0.1666 -0.2054
vn 0.7797 -0.5978 -0.1864
vn -0.0217 0.8506 0.5254
vn -0.8735 -0.4455 -0.1963
vn 0.6037 -0.7887 -0.1162
vn 0.6947 -0.7029 -0.1527
vn -0.0101 0.8566 0.5159
vn -0.3539 -0.9324 -0.0730
vn -0.4566 -0.8857 -0.0841
vn 0.4870 -0.8690 -0.0872
vn 0.2939 -0.9533 -0.0698
vn 0.4022 -0.9118 -0.0825
vn 0.1384 -0.9884 -0.0619
vn -0.1355 -0.9893 -0.0543
vn -0.0173 -0.9983 -0.0563
vn -0.2356 -0.9702 -0.0559
vn -0.5705 -0.8152 -0.0999
vn -0.7645 -0.6225 -0.1673
vn -0.6727 -0.7285 -0.1297
vt 0.940900 0.694300
vt 0.941200 0.681000
vt 0.997300 0.699700
vt 0.992000 0.716300
vt 0.934000 0.692000
vt 0.933200 0.676600
vt 0.908900 0.728600
vt 0.901000 0.734400
vt 0.895800 0.726400
vt 0.901600 0.755800
vt 0.889400 0.753700
vt 0.892900 0.748800
vt 0.900500 0.750300
vt 0.897800 0.746200
vt 0.885300 0.742500
vt 0.891000 0.739200
vt 0.907900 0.742500
vt 0.911700 0.747500
vt 0.915100 0.753100
vt 0.922500 0.773500
vt 0.902900 0.776000
vt 0.883700 0.774100
vt 0.816600 0.202700
vt 0.816600 0.220900
vt 0.810100 0.220900
vt 0.810100 0.202700
vt 0.805700 0.202700
vt 0.805700 0.184600
vt 0.810100 0.184600
vt 0.805700 0.166700
vt 0.803700 0.184600
vt 0.803700 0.166700
vt 0.793100 0.549700
vt 0.793100 0.529500
vt 0.800600 0.529400
vt 0.800600 0.549600
vt 0.793100 0.569900
vt 0.800600 0.569800
vt 0.747500 0.549700
vt 0.747500 0.529500
vt 0.169900 0.243900
vt 0.172600 0.262200
vt 0.167300 0.261200
vt 0.165300 0.242600
vt 0.176900 0.284700
vt 0.169200 0.283900
vt 0.169800 0.509200
vt 0.170400 0.484800
vt 0.182400 0.483500
vt 0.178300 0.508100
vt 0.636600 0.873400
vt 0.627700 0.871600
vt 0.630700 0.845700
vt 0.639600 0.845800
vt 0.637500 0.818300
vt 0.628800 0.820000
vt 0.602200 0.824700
vt 0.597300 0.804800
vt 0.622200 0.795300
vt 0.603200 0.845300
vt 0.588900 0.786200
vt 0.611400 0.772500
vt 0.591700 0.806800
vt 0.583900 0.789200
vt 0.573200 0.773500
vt 0.577600 0.769800
vt 0.584500 0.809400
vt 0.577300 0.793000
vt 0.567400 0.778300
vt 0.568900 0.797800
vt 0.560100 0.784500
vt 0.549300 0.773100
vt 0.555300 0.765900
vt 0.532100 0.772100
vt 0.543100 0.780300
vt 0.535500 0.789100
vt 0.526300 0.782000
vt 0.490500 0.837800
vt 0.496000 0.825100
vt 0.498200 0.826300
vt 0.493700 0.760300
vt 0.507100 0.762000
vt 0.505000 0.773200
vt 0.493500 0.771600
vt 0.520100 0.766000
vt 0.516000 0.776700
vt 0.523200 0.757300
vt 0.526300 0.748700
vt 0.541500 0.755900
vt 0.536900 0.764000
vt 0.560000 0.760200
vt 0.563600 0.755900
vt 0.596800 0.752500
vt 0.618700 0.768000
vt 0.630400 0.792100
vt 0.170700 0.551000
vt 0.166000 0.552400
vt 0.168100 0.532700
vt 0.174000 0.531500
vt 0.184400 0.333700
vt 0.169700 0.332900
vt 0.170200 0.308500
vt 0.181300 0.309300
vt 0.793100 0.469500
vt 0.793100 0.489400
vt 0.747500 0.489500
vt 0.747500 0.469500
vt 0.793100 0.509400
vt 0.747500 0.509400
vt 0.800600 0.509400
vt 0.805700 0.148900
vt 0.803700 0.148900
vt 0.810100 0.166700
vt 0.810100 0.148900
vt 0.816600 0.166700
vt 0.816600 0.184600
vt 0.813000 0.720300
vt 0.863500 0.700100
vt 0.866300 0.712700
vt 0.822100 0.735500
vt 0.879500 0.747100
vt 0.879600 0.733500
vt 0.885500 0.730800
vt 0.873200 0.736700
vt 0.865100 0.768600
vt 0.848200 0.760000
vt 0.833900 0.748800
vt 0.869400 0.724800
vt 0.805700 0.131200
vt 0.810100 0.131200
vt 0.805700 0.113600
vt 0.803700 0.131200
vt 0.803700 0.113600
vt 0.800600 0.469500
vt 0.800600 0.489400
vt 0.168400 0.358000
vt 0.186200 0.358600
vt 0.164600 0.568400
vt 0.169600 0.567300
vt 0.603000 0.746800
vt 0.579100 0.735700
vt 0.547700 0.744800
vt 0.559100 0.722800
vt 0.545000 0.749600
vt 0.528700 0.741900
vt 0.530500 0.736800
vt 0.508700 0.753000
vt 0.510300 0.744100
vt 0.488800 0.823900
vt 0.491300 0.823900
vt 0.466600 0.763800
vt 0.470100 0.774500
vt 0.459200 0.778900
vt 0.453900 0.768900
vt 0.480000 0.760900
vt 0.481700 0.772000
vt 0.478500 0.751900
vt 0.477100 0.743100
vt 0.493700 0.742200
vt 0.493700 0.751200
vt 0.511400 0.737100
vt 0.512300 0.731800
vt 0.515800 0.708200
vt 0.537800 0.713700
vt 0.562600 0.715600
vt 0.584000 0.729100
vt 0.174800 0.603300
vt 0.165000 0.603000
vt 0.164400 0.584100
vt 0.171300 0.583700
vt 0.187500 0.408800
vt 0.167800 0.409300
vt 0.167800 0.383500
vt 0.187300 0.383600
vt 0.793000 0.429900
vt 0.793100 0.449700
vt 0.747500 0.449700
vt 0.747500 0.429900
vt 0.800600 0.429800
vt 0.800600 0.449600
vt 0.805700 0.096000
vt 0.803700 0.096000
vt 0.810100 0.096000
vt 0.810100 0.113600
vt 0.816600 0.113600
vt 0.816600 0.131200
vt 0.803900 0.686500
vt 0.803900 0.669300
vt 0.853000 0.661900
vt 0.859700 0.667800
vt 0.867200 0.672600
vt 0.862400 0.686900
vt 0.806900 0.703800
vt 0.872600 0.711000
vt 0.875600 0.722600
vt 0.881500 0.720600
vt 0.917000 0.736000
vt 0.921600 0.740100
vt 0.926500 0.744500
vt 0.941800 0.767100
vt 0.816600 0.239200
vt 0.816600 0.257900
vt 0.810100 0.257900
vt 0.810100 0.239200
vt 0.805700 0.239200
vt 0.805700 0.220900
vt 0.800600 0.590100
vt 0.793100 0.590100
vt 0.747500 0.590100
vt 0.747500 0.569900
vt 0.169800 0.228000
vt 0.164500 0.227200
vt 0.164500 0.210900
vt 0.171900 0.211000
vt 0.628200 0.900300
vt 0.619700 0.896700
vt 0.600500 0.865900
vt 0.597200 0.845100
vt 0.596300 0.825600
vt 0.588600 0.826900
vt 0.578800 0.828400
vt 0.575200 0.812600
vt 0.560400 0.802500
vt 0.550000 0.808100
vt 0.543500 0.797900
vt 0.552600 0.790500
vt 0.500000 0.827800
vt 0.501600 0.829700
vt 0.432300 0.785200
vt 0.442400 0.776100
vt 0.449300 0.785100
vt 0.440700 0.792900
vt 0.463700 0.755200
vt 0.460900 0.746800
vt 0.476000 0.736300
vt 0.493800 0.735200
vt 0.475200 0.731100
vt 0.493800 0.729900
vt 0.493400 0.706300
vt 0.540100 0.706300
vt 0.178600 0.626100
vt 0.166200 0.625300
vt 0.186600 0.433900
vt 0.168200 0.434800
vt 0.747500 0.390600
vt 0.793100 0.390600
vt 0.793100 0.410200
vt 0.747500 0.410200
vt 0.800600 0.410100
vt 0.805700 0.060800
vt 0.805700 0.078400
vt 0.803700 0.078400
vt 0.803700 0.060800
vt 0.870500 0.699000
vt 0.877200 0.698200
vt 0.878800 0.709600
vt 0.891100 0.707900
vt 0.892600 0.717600
vt 0.912800 0.720300
vt 0.914500 0.710500
vt 0.922400 0.725800
vt 0.927400 0.728800
vt 0.932700 0.732000
vt 0.958900 0.757400
vt 0.816600 0.277100
vt 0.810100 0.277100
vt 0.793100 0.610700
vt 0.800600 0.610600
vt 0.793100 0.631400
vt 0.800600 0.631300
vt 0.747500 0.610700
vt 0.175000 0.190600
vt 0.164900 0.191100
vt 0.596300 0.947100
vt 0.589800 0.940500
vt 0.606900 0.920000
vt 0.614500 0.925300
vt 0.594000 0.885700
vt 0.583800 0.904100
vt 0.594500 0.864500
vt 0.586800 0.862800
vt 0.589400 0.844900
vt 0.579300 0.844500
vt 0.565900 0.815800
vt 0.554600 0.819600
vt 0.502800 0.831900
vt 0.424000 0.795800
vt 0.433500 0.802000
vt 0.428000 0.812300
vt 0.417500 0.807800
vt 0.436900 0.769000
vt 0.431500 0.762000
vt 0.445500 0.753100
vt 0.449700 0.761000
vt 0.458700 0.740200
vt 0.457100 0.735300
vt 0.449300 0.713200
vt 0.471000 0.707900
vt 0.493200 0.698700
vt 0.516900 0.700600
vt 0.187400 0.675200
vt 0.168500 0.673700
vt 0.167600 0.649400
vt 0.183000 0.650700
vt 0.169500 0.460100
vt 0.185000 0.458900
vt 0.793100 0.371200
vt 0.800600 0.371200
vt 0.800600 0.390600
vt 0.805700 0.043400
vt 0.803700 0.043400
vt 0.810100 0.043400
vt 0.810100 0.060800
vt 0.816600 0.060800
vt 0.816600 0.078400
vt 0.810100 0.078400
vt 0.812900 0.636300
vt 0.821600 0.621500
vt 0.848700 0.632200
vt 0.848300 0.642300
vt 0.806800 0.652300
vt 0.850200 0.652000
vt 0.854700 0.660500
vt 0.859600 0.612800
vt 0.852200 0.622300
vt 0.832600 0.608400
vt 0.845700 0.597400
vt 0.881200 0.600400
vt 0.869900 0.604800
vt 0.860400 0.588800
vt 0.876100 0.582900
vt 0.892300 0.579900
vt 0.894200 0.598000
vt 0.908900 0.579800
vt 0.907400 0.597800
vt 0.955700 0.596200
vt 0.968800 0.606800
vt 0.950000 0.620900
vt 0.942400 0.612000
vt 0.943000 0.667500
vt 0.999500 0.682900
vt 0.938100 0.671200
vt 0.860900 0.275000
vt 0.860700 0.255500
vt 0.866800 0.255700
vt 0.867100 0.275100
vt 0.871800 0.275100
vt 0.871700 0.294900
vt 0.867300 0.295000
vt 0.871700 0.314800
vt 0.873700 0.294900
vt 0.873700 0.314700
vt 0.793100 0.022300
vt 0.793100 0.001900
vt 0.800600 0.001900
vt 0.800600 0.022300
vt 0.793100 0.043100
vt 0.800600 0.043200
vt 0.747500 0.022300
vt 0.747600 0.000600
vt 0.167900 0.097400
vt 0.166400 0.076400
vt 0.196300 0.074000
vt 0.192100 0.095500
vt 0.464900 0.988200
vt 0.466700 0.979100
vt 0.493500 0.981200
vt 0.493500 0.990400
vt 0.521900 0.987100
vt 0.520100 0.978100
vt 0.514800 0.950600
vt 0.535100 0.944000
vt 0.545700 0.970000
vt 0.493600 0.953200
vt 0.553800 0.933800
vt 0.569100 0.957300
vt 0.532700 0.938300
vt 0.550400 0.928700
vt 0.566000 0.915900
vt 0.570200 0.920300
vt 0.529600 0.930900
vt 0.546000 0.921900
vt 0.560400 0.910200
vt 0.540300 0.913400
vt 0.553200 0.902800
vt 0.563800 0.890100
vt 0.572200 0.896000
vt 0.562500 0.871700
vt 0.555500 0.884200
vt 0.545500 0.877100
vt 0.551400 0.866600
vt 0.503600 0.841500
vt 0.502800 0.843700
vt 0.413000 0.821000
vt 0.424200 0.823600
vt 0.425700 0.779100
vt 0.416400 0.790900
vt 0.408800 0.786100
vt 0.419200 0.773000
vt 0.427300 0.756500
vt 0.442300 0.747000
vt 0.424200 0.752300
vt 0.439900 0.742500
vt 0.428800 0.721800
vt 0.469700 0.700500
vt 0.191700 0.698200
vt 0.168500 0.696600
vt 0.747500 0.332800
vt 0.793100 0.332800
vt 0.793100 0.352000
vt 0.747500 0.352000
vt 0.747500 0.371200
vt 0.800600 0.352000
vt 0.805700 0.009200
vt 0.805700 0.026300
vt 0.803700 0.026300
vt 0.803700 0.009300
vt 0.810100 0.026300
vt 0.810100 0.009200
vt 0.816600 0.009200
vt 0.816600 0.026300
vt 0.871700 -0.008100
vt 0.871700 0.009200
vt 0.867300 0.009200
vt 0.867500 -0.008200
vt 0.805000 -0.008100
vt 0.803000 -0.007800
vt 0.800600 0.332800
vt 0.793100 0.313700
vt 0.800600 0.313700
vt 0.167300 0.718000
vt 0.195800 0.720200
vt 0.200000 0.741900
vt 0.165300 0.738800
vt 0.446800 0.706100
vt 0.425200 0.715200
vt 0.409800 0.733800
vt 0.410300 0.764800
vt 0.393000 0.748700
vt 0.414100 0.768300
vt 0.403000 0.782300
vt 0.398600 0.779400
vt 0.409100 0.804300
vt 0.400800 0.800700
vt 0.404100 0.818900
vt 0.395300 0.816700
vt 0.422500 0.835600
vt 0.411000 0.834800
vt 0.476300 0.837600
vt 0.476500 0.835000
vt 0.476500 0.840100
vt 0.414300 0.862700
vt 0.411300 0.848900
vt 0.423000 0.847600
vt 0.425600 0.859300
vt 0.401700 0.834200
vt 0.392600 0.833600
vt 0.388400 0.815000
vt 0.394400 0.797900
vt 0.383300 0.813700
vt 0.389500 0.795800
vt 0.367800 0.786000
vt 0.378900 0.766300
vt 0.405200 0.727800
vt 0.201700 0.764200
vt 0.164100 0.760500
vt 0.747500 0.275700
vt 0.793100 0.275700
vt 0.793100 0.294700
vt 0.747500 0.294700
vt 0.747500 0.313700
vt 0.800600 0.294700
vt 0.871700 0.043300
vt 0.871700 0.026200
vt 0.873700 0.026200
vt 0.873700 0.043300
vt 0.873700 0.009200
vt 0.867300 0.026200
vt 0.867300 0.043300
vt 0.860800 0.043300
vt 0.860800 0.026200
vt 0.871700 0.060500
vt 0.867300 0.060500
vt 0.873700 0.060500
vt 0.800600 0.275700
vt 0.793100 0.256700
vt 0.800600 0.256700
vt 0.800600 0.258800
vt 0.165000 0.005100
vt 0.196200 0.005100
vt 0.201800 0.030700
vt 0.163600 0.034300
vt 0.387500 0.743500
vt 0.372600 0.762000
vt 0.360800 0.782900
vt 0.360000 0.807600
vt 0.380100 0.832700
vt 0.355900 0.830300
vt 0.385400 0.833100
vt 0.402000 0.849900
vt 0.392800 0.850900
vt 0.405200 0.865500
vt 0.396100 0.868100
vt 0.430400 0.870700
vt 0.419700 0.876100
vt 0.478200 0.844800
vt 0.477100 0.842500
vt 0.479700 0.846900
vt 0.450100 0.908000
vt 0.438000 0.899300
vt 0.446200 0.890300
vt 0.456500 0.897500
vt 0.427700 0.888500
vt 0.437300 0.881200
vt 0.411200 0.880500
vt 0.402600 0.884700
vt 0.389000 0.870000
vt 0.385600 0.851600
vt 0.383600 0.871500
vt 0.380100 0.852100
vt 0.355500 0.853800
vt 0.352600 0.805600
vt 0.200400 0.052700
vt 0.164500 0.056000
vt 0.747500 0.218600
vt 0.793100 0.218700
vt 0.793100 0.237700
vt 0.747500 0.237600
vt 0.747500 0.256600
vt 0.800600 0.237700
vt 0.800600 0.254700
vt 0.871700 0.095300
vt 0.871700 0.077800
vt 0.874000 0.077800
vt 0.874000 0.079600
vt 0.873700 0.095300
vt 0.874100 0.077800
vt 0.874000 0.076100
vt 0.925300 0.582500
vt 0.920600 0.600200
vt 0.941100 0.588100
vt 0.932500 0.604600
vt 0.867300 0.077800
vt 0.867300 0.095300
vt 0.860800 0.095300
vt 0.860800 0.077800
vt 0.871700 0.112700
vt 0.867300 0.112700
vt 0.873700 0.112700
vt 0.800600 0.218800
vt 0.793100 0.199700
vt 0.800600 0.199800
vt 0.348100 0.829500
vt 0.347600 0.854300
vt 0.359200 0.877600
vt 0.390700 0.890400
vt 0.367100 0.900900
vt 0.395800 0.887900
vt 0.419900 0.894400
vt 0.412100 0.900200
vt 0.431300 0.906600
vt 0.424500 0.913800
vt 0.444800 0.916500
vt 0.439500 0.925000
vt 0.468100 0.902700
vt 0.463800 0.914300
vt 0.486100 0.851100
vt 0.483800 0.850100
vt 0.488600 0.851600
vt 0.493500 0.851300
vt 0.491100 0.851600
vt 0.493200 0.918700
vt 0.478300 0.917900
vt 0.480500 0.905700
vt 0.493000 0.906300
vt 0.460100 0.923700
vt 0.456400 0.933100
vt 0.435300 0.931600
vt 0.419200 0.919500
vt 0.415100 0.923800
vt 0.401200 0.908100
vt 0.405900 0.904700
vt 0.379300 0.923000
vt 0.351200 0.879400
vt 0.187900 0.118300
vt 0.168100 0.119900
vt 0.747500 0.161600
vt 0.793100 0.161600
vt 0.793100 0.180700
vt 0.747500 0.180700
vt 0.747500 0.199600
vt 0.800600 0.180700
vt 0.871700 0.147500
vt 0.871700 0.130100
vt 0.873700 0.130100
vt 0.873700 0.147500
vt 0.980000 0.619400
vt 0.989000 0.633800
vt 0.955000 0.640700
vt 0.954000 0.630400
vt 0.867300 0.130100
vt 0.867300 0.147500
vt 0.860800 0.147500
vt 0.860800 0.130100
vt 0.871700 0.165000
vt 0.867300 0.165000
vt 0.873700 0.165000
vt 0.800600 0.161700
vt 0.793100 0.142400
vt 0.800600 0.142500
vt 0.167400 0.144000
vt 0.183600 0.142500
vt 0.179100 0.167200
vt 0.166100 0.168300
vt 0.359400 0.904200
vt 0.372200 0.927700
vt 0.396000 0.943000
vt 0.432100 0.936700
vt 0.416700 0.959700
vt 0.451300 0.946200
vt 0.440700 0.971900
vt 0.453500 0.940500
vt 0.476500 0.927900
vt 0.474600 0.937900
vt 0.493300 0.928900
vt 0.493400 0.939000
vt 0.509800 0.926700
vt 0.511900 0.936700
vt 0.516900 0.900600
vt 0.521700 0.912000
vt 0.507800 0.916700
vt 0.505200 0.904500
vt 0.495900 0.850500
vt 0.498100 0.849200
vt 0.500000 0.847700
vt 0.501600 0.845800
vt 0.525700 0.921500
vt 0.513500 0.944500
vt 0.493500 0.947100
vt 0.472100 0.951700
vt 0.473200 0.945800
vt 0.389600 0.949200
vt 0.747500 0.103700
vt 0.793100 0.103600
vt 0.793100 0.123100
vt 0.747500 0.123100
vt 0.747500 0.142400
vt 0.800600 0.123200
vt 0.873800 0.200600
vt 0.871600 0.200600
vt 0.871700 0.182700
vt 0.873700 0.182700
vt 0.995300 0.649400
vt 0.953400 0.650600
vt 0.998900 0.665900
vt 0.949200 0.659700
vt 0.867300 0.182700
vt 0.866900 0.200500
vt 0.860700 0.200400
vt 0.860800 0.182600
vt 0.871600 0.218700
vt 0.866800 0.218500
vt 0.873800 0.218700
vt 0.800600 0.103700
vt 0.793100 0.083900
vt 0.800700 0.084000
vt 0.196800 0.789200
vt 0.165500 0.789200
vt 0.411700 0.967200
vt 0.437300 0.980400
vt 0.747500 0.043100
vt 0.793100 0.063700
vt 0.747500 0.063700
vt 0.747500 0.083900
vt 0.800600 0.063800
vt 0.873700 0.255900
vt 0.871500 0.255800
vt 0.871500 0.237000
vt 0.873700 0.237100
vt 0.983800 0.731700
vt 0.938900 0.706400
vt 0.866700 0.236900
vt 0.860700 0.236700
vt 0.568900 0.830000
vt 0.569300 0.844200
vt 0.557200 0.843600
vt 0.557000 0.831600
vt 0.567100 0.858200
vt 0.555300 0.855400
vt 0.577000 0.860500
vt 0.581000 0.880000
vt 0.571700 0.875800
vt 0.578700 0.900600
vt 0.574200 0.965100
vt 0.549100 0.978500
vt 0.793100 0.652200
vt 0.747500 0.652200
vt 0.747500 0.631400
vt 0.793100 0.673000
vt 0.747500 0.673100
vt 0.800600 0.652100
vt 0.800600 0.673000
vt 0.800600 0.693300
vt 0.793100 0.693300
vt 0.805700 0.296500
vt 0.805800 0.316000
vt 0.803700 0.315900
vt 0.803700 0.296500
vt 0.810100 0.296500
vt 0.810000 0.316100
vt 0.860800 0.314900
vt 0.860800 0.295000
vt 0.867300 0.314900
vt 0.932900 0.704400
vt 0.927100 0.702600
vt 0.927600 0.690300
vt 0.926000 0.675200
vt 0.932000 0.673800
vt 0.914700 0.675500
vt 0.915300 0.687900
vt 0.890100 0.686300
vt 0.890200 0.675500
vt 0.877100 0.686400
vt 0.877800 0.676700
vt 0.878600 0.675300
vt 0.872800 0.675400
vt 0.873300 0.674300
vt 0.868300 0.671400
vt 0.870300 0.686400
vt 0.890400 0.697400
vt 0.915200 0.699800
vt 0.925300 0.714300
vt 0.930700 0.716500
vt 0.936200 0.718800
vt 0.972800 0.745400
vt 0.805700 0.277100
vt 0.816600 0.296500
vt 0.588300 0.883200
vt 0.493700 0.824300
vt 0.483900 0.825300
vt 0.486200 0.824400
vt 0.479900 0.828300
vt 0.481800 0.826700
vt 0.503700 0.834300
vt 0.477300 0.832600
vt 0.478400 0.830300
vt 0.481600 0.848700
vt 0.504100 0.836800
vt 0.504100 0.839200
vt 0.519800 0.823600
vt 0.516800 0.818500
vt 0.513000 0.814100
vt 0.457500 0.831000
vt 0.456800 0.837100
vt 0.457100 0.843000
vt 0.458600 0.848800
vt 0.461100 0.854400
vt 0.464700 0.859400
vt 0.474200 0.867100
vt 0.479900 0.869500
vt 0.485900 0.870900
vt 0.503400 0.868200
vt 0.497800 0.870100
vt 0.523000 0.835200
vt 0.522000 0.829300
vt 0.503500 0.807700
vt 0.508500 0.810400
vt 0.486300 0.805000
vt 0.492300 0.804900
vt 0.520000 0.852000
vt 0.521900 0.846600
vt 0.492000 0.871000
vt 0.527900 0.894500
vt 0.508700 0.865300
vt 0.537600 0.886500
vt 0.513300 0.861500
vt 0.517100 0.857000
vt 0.498000 0.805800
vt 0.480400 0.806200
vt 0.474900 0.808400
vt 0.469900 0.811500
vt 0.465600 0.815500
vt 0.462000 0.820100
vt 0.459300 0.825300
vt 0.469100 0.863800
vt 0.523000 0.841000
vt 0.534800 0.904900
vt 0.546200 0.895400
vt 0.273600 0.834500
vt 0.274100 0.868900
vt 0.271400 0.865400
vt 0.271000 0.837500
vt 0.329800 0.863800
vt 0.329500 0.837600
vt 0.331500 0.842600
vt 0.331700 0.858800
vt 0.301200 0.880800
vt 0.300500 0.821300
vt 0.304400 0.821400
vt 0.305100 0.880600
vt 0.286700 0.878500
vt 0.286000 0.824000
vt 0.289500 0.822700
vt 0.290200 0.879700
vt 0.279700 0.875100
vt 0.279000 0.827800
vt 0.282300 0.825700
vt 0.283000 0.876900
vt 0.275900 0.871800
vt 0.275400 0.832000
vt 0.315800 0.877500
vt 0.315200 0.824300
vt 0.319600 0.826800
vt 0.320200 0.874900
vt 0.293800 0.880400
vt 0.293000 0.821900
vt 0.296700 0.821400
vt 0.297500 0.880800
vt 0.308900 0.880000
vt 0.308200 0.821900
vt 0.311700 0.822800
vt 0.312400 0.879000
vt 0.324200 0.871600
vt 0.323700 0.829900
vt 0.327000 0.833500
vt 0.327400 0.868000
vt 0.333700 0.855300
vt 0.333500 0.846000
vt 0.270400 0.832500
vt 0.272100 0.828200
vt 0.330900 0.869300
vt 0.332700 0.862400
vt 0.300300 0.808900
vt 0.304300 0.809000
vt 0.285400 0.812600
vt 0.289000 0.810800
vt 0.277900 0.818300
vt 0.281500 0.815100
vt 0.274200 0.824200
vt 0.315500 0.813100
vt 0.320100 0.816700
vt 0.292700 0.809600
vt 0.296400 0.809000
vt 0.308300 0.809800
vt 0.311900 0.811000
vt 0.324300 0.821200
vt 0.327800 0.826200
vt 0.332400 0.838900
vt 0.333800 0.842500
vt 0.330400 0.832100
vt 0.271000 0.870700
vt 0.273400 0.876300
vt 0.301400 0.893300
vt 0.305400 0.893000
vt 0.290000 0.891600
vt 0.286400 0.889900
vt 0.282500 0.887600
vt 0.279200 0.885000
vt 0.275200 0.880300
vt 0.316500 0.888600
vt 0.321000 0.884900
vt 0.297500 0.893200
vt 0.293700 0.892700
vt 0.309300 0.892100
vt 0.312900 0.890800
vt 0.325000 0.880300
vt 0.328400 0.875200
vt 0.334000 0.858800
vt 0.269200 0.818300
vt 0.272900 0.811500
vt 0.273900 0.811800
vt 0.269800 0.818800
vt 0.277900 0.806800
vt 0.278200 0.807600
vt 0.282500 0.803700
vt 0.282800 0.804600
vt 0.286700 0.801500
vt 0.287000 0.802400
vt 0.291200 0.800100
vt 0.291300 0.801000
vt 0.295700 0.799300
vt 0.295800 0.800200
vt 0.300300 0.799100
vt 0.300300 0.800000
vt 0.305100 0.799300
vt 0.305000 0.800300
vt 0.309800 0.800200
vt 0.309600 0.801100
vt 0.314200 0.801800
vt 0.313900 0.802700
vt 0.318400 0.804300
vt 0.318100 0.805200
vt 0.324000 0.808700
vt 0.323500 0.809500
vt 0.329000 0.814300
vt 0.328500 0.815000
vt 0.333200 0.820500
vt 0.332500 0.821000
vt 0.336200 0.827600
vt 0.335600 0.828100
vt 0.338700 0.836200
vt 0.337900 0.836300
vt 0.339600 0.840900
vt 0.338900 0.841200
vt 0.340200 0.845700
vt 0.339500 0.845800
vt 0.340300 0.855400
vt 0.339600 0.855400
vt 0.339900 0.860200
vt 0.339200 0.860000
vt 0.339000 0.865000
vt 0.338300 0.864900
vt 0.336800 0.873600
vt 0.336100 0.873100
vt 0.333900 0.880800
vt 0.333300 0.880200
vt 0.329900 0.887100
vt 0.329300 0.886400
vt 0.325000 0.892700
vt 0.324600 0.892000
vt 0.319600 0.897300
vt 0.319300 0.896400
vt 0.315400 0.900000
vt 0.315100 0.899100
vt 0.311100 0.901600
vt 0.310900 0.900700
vt 0.306400 0.902600
vt 0.306300 0.901700
vt 0.301600 0.903000
vt 0.301600 0.902000
vt 0.297000 0.902900
vt 0.297000 0.902000
vt 0.292500 0.902300
vt 0.292600 0.901300
vt 0.288000 0.900900
vt 0.288200 0.900000
vt 0.283700 0.898800
vt 0.284000 0.898000
vt 0.279100 0.896100
vt 0.279500 0.895200
vt 0.275100 0.892800
vt 0.275600 0.892100
vt 0.270300 0.886900
vt 0.271000 0.886400
vt 0.268200 0.882100
vt 0.268800 0.881600
vt 0.265900 0.874000
vt 0.266500 0.873600
vt 0.265700 0.868300
vt 0.266300 0.867500
vt 0.265200 0.834700
vt 0.265900 0.835500
vt 0.265200 0.829200
vt 0.265900 0.829600
vt 0.266300 0.823500
vt 0.267100 0.823800
vt 0.747500 0.694600
vt 0.739800 0.449800
vt 0.739800 0.430000
vt 0.739800 0.390700
vt 0.739800 0.371300
vt 0.739800 0.352000
vt 0.739800 0.332900
vt 0.739800 0.313800
vt 0.739800 0.294700
vt 0.739800 0.275700
vt 0.739800 0.256600
vt 0.739800 0.237600
vt 0.739800 0.218600
vt 0.739800 0.199600
vt 0.739800 0.180600
vt 0.739800 0.161500
vt 0.739800 0.142300
vt 0.739800 0.123000
vt 0.739800 0.103500
vt 0.739800 0.083700
vt 0.739800 0.063600
vt 0.739800 0.043100
vt 0.739800 0.022300
vt 0.739800 0.694800
vt 0.739800 0.673100
vt 0.739800 0.652300
vt 0.739800 0.610800
vt 0.739800 0.590300
vt 0.739800 0.469600
vt 0.739800 0.489600
vt 0.739800 0.410300
vt 0.739800 0.509600
vt 0.739800 0.529700
vt 0.739800 0.549800
vt 0.739800 0.631500
vt 0.739800 0.000500
vt 0.739800 0.570000
vt 0.545700 0.777300
vt 0.555800 0.788000
vt 0.534100 0.768800
vt 0.507800 0.758200
vt 0.521400 0.762400
vt 0.493700 0.756500
vt 0.465400 0.760200
vt 0.479400 0.757100
vt 0.569800 0.814500
vt 0.563900 0.800500
vt 0.452100 0.765600
vt 0.573000 0.829300
vt 0.420700 0.793800
vt 0.429500 0.782600
vt 0.440100 0.773100
vt 0.559000 0.886700
vt 0.549100 0.898500
vt 0.566400 0.873400
vt 0.413900 0.806300
vt 0.409300 0.820100
vt 0.407100 0.834600
vt 0.407400 0.849300
vt 0.410400 0.863900
vt 0.416100 0.878000
vt 0.424400 0.891000
vt 0.435100 0.902400
vt 0.447900 0.911600
vt 0.462200 0.918300
vt 0.477600 0.922000
vt 0.493200 0.923000
vt 0.508600 0.920900
vt 0.523400 0.916000
vt 0.537000 0.908400
vt 0.573500 0.844300
vt 0.571300 0.859200
vt 0.837200 0.220700
vt 0.837200 0.239000
vt 0.818300 0.239200
vt 0.818300 0.220900
vt 0.818300 0.202700
vt 0.837100 0.202500
vt 0.816600 0.148800
vt 0.818300 0.184600
vt 0.818300 0.166700
vt 0.837100 0.184400
vt 0.818300 0.148900
vt 0.837100 0.148700
vt 0.837100 0.166500
vt 0.816600 0.096000
vt 0.818300 0.131200
vt 0.818300 0.113600
vt 0.837100 0.131000
vt 0.837100 0.257700
vt 0.837100 0.276900
vt 0.818300 0.277100
vt 0.818300 0.257900
vt 0.818300 0.096000
vt 0.837100 0.113500
vt 0.837100 0.296400
vt 0.818300 0.296500
vt 0.816600 0.043400
vt 0.818300 0.078400
vt 0.818300 0.060800
vt 0.837100 0.078300
vt 0.837100 0.095900
vt 0.840300 0.254400
vt 0.840200 0.235700
vt 0.859000 0.236700
vt 0.859100 0.255500
vt 0.859200 0.275000
vt 0.840300 0.274600
vt 0.818300 0.043400
vt 0.837100 0.060700
vt 0.818300 0.026300
vt 0.837200 0.026200
vt 0.837100 0.043300
vt 0.818300 0.009300
vt 0.810400 -0.008300
vt 0.816900 -0.008100
vt 0.860800 0.009200
vt 0.817600 -0.008100
vt 0.819300 -0.007900
vt 0.837200 0.009300
vt 0.859100 0.026200
vt 0.840300 0.026200
vt 0.840300 0.009300
vt 0.859100 0.009200
vt 0.859100 0.043300
vt 0.860800 0.060500
vt 0.859100 0.060500
vt 0.840300 0.043300
vt 0.859100 0.077800
vt 0.840300 0.077700
vt 0.840300 0.060400
vt 0.859100 0.095300
vt 0.860800 0.112700
vt 0.859100 0.112700
vt 0.840300 0.095200
vt 0.859100 0.130100
vt 0.840300 0.130000
vt 0.840300 0.112600
vt 0.859100 0.147500
vt 0.860800 0.165000
vt 0.859100 0.165000
vt 0.840300 0.147300
vt 0.859100 0.182700
vt 0.840300 0.182400
vt 0.840300 0.164800
vt 0.859100 0.200400
vt 0.860700 0.218400
vt 0.859100 0.218400
vt 0.840200 0.199900
vt 0.840200 0.217700
vt 0.816600 0.316000
vt 0.859100 0.295000
vt 0.859000 0.314800
vt 0.840300 0.295000
vt 0.840200 0.314700
vt 0.837100 0.315700
vt 0.818300 0.316000
vt 0.858800 -0.007900
vt 0.840100 -0.007400
vt 0.805700 0.258000
vt 0.803700 0.202700
vt 0.803700 0.220900
vt 0.803700 0.239300
vt 0.803700 0.258000
vt 0.874000 0.275100
vt 0.803700 0.277100
vt 0.272600 0.811100
vt 0.268800 0.818000
vt 0.272200 0.810600
vt 0.268100 0.818000
vt 0.265800 0.823300
vt 0.265200 0.823100
vt 0.873800 0.673700
vt 0.874200 0.673500
vt 0.874700 0.673400
vt 0.875600 0.673500
vt 0.879000 0.674100
vt 0.890200 0.674300
vt 0.914700 0.674200
vt 0.925700 0.673700
vt 0.931600 0.672100
vt 0.937200 0.669600
vt 0.941600 0.666300
vt 0.947600 0.658900
vt 0.951700 0.650100
vt 0.953200 0.640700
vt 0.952300 0.630800
vt 0.948600 0.621800
vt 0.941200 0.613200
vt 0.931600 0.606100
vt 0.920200 0.602000
vt 0.907200 0.599500
vt 0.894400 0.599700
vt 0.881700 0.602300
vt 0.871100 0.606500
vt 0.861000 0.614200
vt 0.853900 0.623300
vt 0.850600 0.632500
vt 0.850100 0.642200
vt 0.852000 0.651500
vt 0.856200 0.659600
vt 0.860600 0.665100
vt 0.861200 0.665700
vt 0.861300 0.666100
vt 0.861300 0.666600
vt 0.861200 0.666900
vt 0.861000 0.667100
vt 0.330800 0.271000
vt 0.330400 0.250100
vt 0.343700 0.249300
vt 0.343700 0.271700
vt 0.010400 0.255000
vt 0.010200 0.275900
vt 0.000600 0.277400
vt 0.000600 0.255400
vt 0.010200 0.297300
vt 0.000600 0.299500
vt 0.343700 0.294200
vt 0.331100 0.292600
vt 0.010700 0.476000
vt 0.010600 0.497900
vt 0.001000 0.495900
vt 0.000900 0.474000
vt 0.331600 0.499500
vt 0.331700 0.476800
vt 0.344000 0.474900
vt 0.344100 0.497600
vt 0.331400 0.521400
vt 0.344100 0.520300
vt 0.344100 0.542900
vt 0.331000 0.542700
vt 0.010700 0.540200
vt 0.001000 0.539600
vt 0.001000 0.517700
vt 0.010600 0.519400
vt 0.331300 0.315000
vt 0.343700 0.316800
vt 0.343700 0.339300
vt 0.331500 0.337800
vt 0.010500 0.341800
vt 0.000700 0.343300
vt 0.000600 0.321400
vt 0.010300 0.319300
vt 0.010600 0.364200
vt 0.000700 0.365200
vt 0.331700 0.361000
vt 0.343800 0.361900
vt 0.011100 0.560800
vt 0.001000 0.561700
vt 0.330600 0.563700
vt 0.344100 0.565600
vt 0.330000 0.585000
vt 0.344100 0.588200
vt 0.344100 0.610800
vt 0.329600 0.607400
vt 0.011600 0.603100
vt 0.001000 0.605900
vt 0.001000 0.583700
vt 0.011500 0.581500
vt 0.331900 0.384100
vt 0.343800 0.384400
vt 0.343900 0.407000
vt 0.332000 0.407200
vt 0.010700 0.408900
vt 0.000800 0.408700
vt 0.000700 0.387000
vt 0.010600 0.386600
vt 0.329400 0.208000
vt 0.343600 0.204600
vt 0.343600 0.226900
vt 0.329900 0.229300
vt 0.010700 0.234300
vt 0.000600 0.233200
vt 0.000500 0.211000
vt 0.011000 0.213300
vt 0.329600 0.630600
vt 0.344100 0.633300
vt 0.011400 0.625700
vt 0.001000 0.628200
vt 0.331900 0.430500
vt 0.343900 0.429600
vt 0.010700 0.431200
vt 0.000800 0.430500
vt 0.329100 0.185600
vt 0.343600 0.182300
vt 0.011100 0.191300
vt 0.000500 0.188600
vt 0.330000 0.653700
vt 0.344100 0.655800
vt 0.344100 0.678200
vt 0.330500 0.676600
vt 0.010500 0.671700
vt 0.001000 0.673200
vt 0.001000 0.650600
vt 0.011000 0.648700
vt 0.331800 0.453800
vt 0.344000 0.452300
vt 0.000900 0.452200
vt 0.010800 0.453600
vt 0.008900 0.076300
vt 0.009400 0.099300
vt 0.000500 0.098000
vt 0.000500 0.074900
vt 0.330700 0.094900
vt 0.331200 0.072900
vt 0.343600 0.071300
vt 0.343600 0.093400
vt 0.331100 0.699000
vt 0.344100 0.700500
vt 0.010000 0.694800
vt 0.001000 0.696100
vt 0.009300 0.741200
vt 0.001000 0.742500
vt 0.001000 0.719200
vt 0.009500 0.717800
vt 0.331600 0.721100
vt 0.344100 0.722700
vt 0.344100 0.744900
vt 0.331600 0.743600
vt 0.330500 0.766600
vt 0.344100 0.767100
vt 0.009600 0.765300
vt 0.001000 0.765900
vt 0.009000 0.028900
vt 0.000500 0.028500
vt 0.000500 0.005100
vt 0.008600 0.005100
vt 0.329100 0.005200
vt 0.343600 0.005200
vt 0.343600 0.027200
vt 0.330000 0.027600
vt 0.331200 0.050500
vt 0.343600 0.049200
vt 0.008600 0.052900
vt 0.000500 0.051800
vt 0.343600 0.115600
vt 0.330200 0.117100
vt 0.009900 0.122300
vt 0.000500 0.120800
vt 0.010900 0.168400
vt 0.000500 0.166100
vt 0.000500 0.143500
vt 0.010400 0.145300
vt 0.329700 0.139700
vt 0.343600 0.137800
vt 0.343600 0.160000
vt 0.329200 0.162600
vt 0.344200 0.789200
vt 0.329700 0.789200
vt 0.009100 0.789300
vt 0.001000 0.789300
vt 0.157600 0.244800
vt 0.157600 0.262400
vt 0.156000 0.284500
vt 0.151600 0.485000
vt 0.155600 0.509100
vt 0.158200 0.550200
vt 0.157600 0.531700
vt 0.147700 0.333100
vt 0.152500 0.308600
vt 0.143900 0.358300
vt 0.158100 0.566000
vt 0.156900 0.600000
vt 0.158000 0.581200
vt 0.141700 0.409500
vt 0.141800 0.383800
vt 0.157600 0.229800
vt 0.157500 0.213800
vt 0.155400 0.622100
vt 0.143400 0.435100
vt 0.156400 0.194400
vt 0.147500 0.670700
vt 0.152100 0.646300
vt 0.146900 0.460300
vt 0.133200 0.076500
vt 0.139700 0.099300
vt 0.141600 0.694500
vt 0.129100 0.740600
vt 0.135100 0.717400
vt 0.126000 0.763900
vt 0.124900 0.030700
vt 0.133700 0.005100
vt 0.127400 0.053600
vt 0.145800 0.122900
vt 0.154300 0.171600
vt 0.150700 0.147100
vt 0.134200 0.789300
s 1
usemtl can_crushed_lowpoly
f 29/29/28 30/30/29 31/31/30 32/32/31
f 30/30/29 29/29/28 33/33/32 34/34/33
f 35/35/34 36/36/35 37/37/36
f 38/38/37 39/39/38 40/40/39 41/41/40
f 40/40/39 42/42/41 41/41/40
f 42/42/41 40/40/39 43/43/42 44/44/43
f 45/45/44 46/46/45 41/41/40 42/42/41
f 47/47/46 38/38/37 41/41/40 46/46/45
f 38/38/37 47/47/46 48/48/47 49/49/48
f 50/50/49 39/39/38 38/38/37 49/49/48
f 51/51/50 52/52/51 53/53/52 54/54/53
f 55/55/54 56/56/55 57/57/56 54/54/53
f 58/58/57 56/56/55 59/59/58 60/60/59
f 61/61/60 62/62/61 60/63/59 59/64/58
f 63/65/62 61/61/60 59/64/58 64/66/63
f 62/62/61 61/61/60 65/67/64 66/68/65
f 67/69/66 68/70/67 69/71/68 70/72/69
f 69/71/68 68/70/67 71/73/70 72/74/71
f 73/75/72 74/76/73 75/77/74 76/78/75
f 77/79/76 78/80/77 79/81/78 80/82/79
f 81/83/80 80/82/79 79/81/78 82/84/81
f 83/85/82 84/86/83 85/87/84 82/84/81
f 79/81/78 86/88/85 83/85/82 82/84/81
f 84/86/83 87/89/86 88/90/87 85/87/84
f 87/89/86 84/86/83 89/91/88 90/92/89
f 91/93/90 92/94/91 87/89/86 90/92/89
f 89/91/88 93/95/92 94/96/93 90/92/89
f 95/97/94 91/93/90 90/92/89 94/96/93
f 95/97/94 94/96/93 96/98/95 97/99/96
f 97/99/96 98/100/97 99/101/98 95/97/94
f 100/102/99 101/103/100 102/104/101 103/105/102
f 104/106/103 105/107/104 106/108/105
f 107/109/106 108/110/107 109/111/108 110/112/109
f 111/113/110 112/114/111 109/111/108 108/110/107
f 113/115/112 114/116/113 115/117/114 116/118/115
f 99/101/98 98/100/97 116/118/115 115/117/114
f 91/93/90 117/119/116 118/120/117 92/94/91
f 87/89/86 92/94/91 119/121/118 88/90/87
f 88/90/87 120/122/119 121/123/120 85/87/84
f 85/87/84 121/123/120 81/83/80 82/84/81
f 122/124/121 123/125/122 124/126/123 125/127/124
f 125/127/124 124/126/123 73/75/72 76/78/75
f 126/128/125 127/129/126 128/130/127 129/131/128
f 129/131/128 128/130/127 72/74/71 71/73/70
f 130/132/129 131/133/130 132/134/131 133/135/132
f 131/133/130 134/136/133 135/137/134 132/134/131
f 136/138/135 60/63/59 62/62/61 134/136/133
f 137/139/136 58/58/57 60/60/59 136/140/135
f 138/141/137 58/58/57 137/139/136 139/142/138
f 140/143/139 141/144/140 57/57/56 138/141/137
f 142/145/141 143/146/142 144/147/143 145/148/144
f 39/39/38 146/149/145 43/43/42 40/40/39
f 147/150/146 148/151/147 44/44/43 43/43/42
f 43/43/42 146/149/145 149/152/148 147/150/146
f 149/152/148 146/149/145 150/153/149 151/154/150
f 152/155/151 153/156/152 149/152/148 151/154/150
f 137/139/136 154/157/153 155/158/154 139/142/138
f 156/159/155 154/157/153 157/160/156 158/161/157
f 131/133/130 130/132/129 158/162/157 157/163/156
f 134/136/133 131/133/130 157/163/156 136/138/135
f 159/164/158 127/129/126 126/128/125 160/165/159
f 161/166/160 123/125/122 122/124/121 162/167/161
f 163/168/162 120/122/119 88/90/87 119/121/118
f 118/120/117 164/169/163 119/121/118 92/94/91
f 118/120/117 165/170/164 166/171/165 164/169/163
f 118/120/117 117/119/116 167/172/166 165/170/164
f 168/173/167 169/174/168 165/170/164 167/172/166
f 114/116/113 168/173/167 167/172/166 115/117/114
f 113/115/112 170/175/169 171/176/170 114/116/113
f 104/106/103 172/177/171 173/178/172
f 174/179/173 175/180/174 176/181/175 177/182/176
f 178/183/177 179/184/178 175/180/174 174/179/173
f 180/185/179 181/186/180 182/187/181 183/188/182
f 171/176/170 170/175/169 183/188/182 182/187/181
f 168/173/167 184/189/183 185/190/184 169/174/168
f 185/190/184 186/191/185 187/192/186 169/174/168
f 165/170/164 169/174/168 187/192/186 166/171/165
f 166/171/165 188/193/187 189/194/188 164/169/163
f 164/169/163 189/194/188 163/168/162 119/121/118
f 190/195/189 191/196/190 192/197/191 193/198/192
f 193/198/192 192/197/191 161/166/160 162/167/161
f 194/199/193 195/200/194 196/201/195 197/202/196
f 197/202/196 196/201/195 159/164/158 160/165/159
f 198/203/197 199/204/198 200/205/199 201/206/200
f 199/204/198 198/203/197 202/207/201 203/208/202
f 203/208/202 158/162/157 130/132/129 199/204/198
f 204/209/203 156/159/155 158/161/157 203/210/202
f 156/159/155 204/209/203 205/211/204 206/212/205
f 207/213/206 208/214/207 155/158/154 206/212/205
f 209/215/208 210/216/209 211/217/210 212/218/211
f 209/215/208 212/218/211 213/219/212 214/220/213 215/221/214
f 144/147/143 216/222/215 217/223/216 153/156/152
f 153/156/152 217/223/216 147/150/146 149/152/148
f 218/224/217 148/151/147 147/150/146 217/223/216
f 37/37/36 36/36/35 44/44/43 148/151/147
f 45/45/44 42/42/41 44/44/43 36/36/35
f 35/35/34 219/225/218 45/45/44 36/36/35
f 219/225/218 220/226/219 46/46/45 45/45/44
f 221/227/220 47/47/46 46/46/45 220/226/219
f 47/47/46 221/227/220 222/228/221 48/48/47
f 223/229/222 224/230/223 225/231/224 226/232/225
f 227/233/226 228/234/227 53/53/52 226/232/225
f 53/53/52 52/52/51 223/229/222 226/232/225
f 229/235/228 230/236/229 63/65/62 64/66/63
f 63/65/62 230/236/229 231/237/230 232/238/231
f 233/239/232 234/240/233 235/241/234 236/242/235
f 77/79/76 237/243/236 238/244/237 78/80/77
f 86/88/85 79/81/78 78/80/77 239/245/238
f 86/88/85 240/246/239 241/247/240 83/85/82
f 83/85/82 241/247/240 89/91/88 84/86/83
f 89/91/88 241/247/240 242/248/241 93/95/92
f 93/95/92 242/248/241 243/249/242 244/250/243
f 93/95/92 244/250/243 96/98/95 94/96/93
f 245/251/244 246/252/245 247/253/246 248/254/247
f 248/254/247 247/253/246 102/104/101 101/103/100
f 104/106/103 249/255/248 250/256/249
f 251/257/250 252/258/251 253/259/252 254/260/253
f 177/182/176 176/181/175 253/259/252 252/258/251
f 180/185/179 255/261/254 256/262/255 181/186/180
f 182/187/181 181/186/180 257/263/256 258/264/257
f 257/263/256 259/265/258 260/266/259 258/264/257
f 258/264/257 260/266/259 185/190/184 184/189/183
f 260/266/259 261/267/260 186/191/185 185/190/184
f 166/171/165 187/192/186 262/268/261 188/193/187
f 190/195/189 263/269/262 264/270/263 191/196/190
f 194/199/193 265/271/264 266/272/265 195/200/194
f 267/273/266 268/274/267 269/275/268 270/276/269
f 269/275/268 198/203/197 201/206/200 270/276/269
f 198/203/197 269/275/268 271/277/270 202/207/201
f 272/278/271 273/279/272 202/280/201 271/281/270
f 273/279/272 204/209/203 203/210/202 202/280/201
f 215/221/214 214/220/213 143/146/142 142/145/141
f 144/147/143 143/146/142 274/282/273 216/222/215
f 216/222/215 274/282/273 275/283/274 276/284/275
f 216/222/215 276/284/275 218/224/217 217/223/216
f 277/285/276 278/286/277 218/224/217 276/284/275
f 278/286/277 37/37/36 148/151/147 218/224/217
f 279/287/278 35/35/34 37/37/36 278/286/277
f 278/286/277 277/285/276 280/288/279 279/287/278
f 281/289/280 219/225/218 35/35/34 279/287/278
f 282/290/281 220/226/219 219/225/218 281/289/280
f 283/291/282 221/227/220 220/226/219 282/290/281
f 221/227/220 283/291/282 284/292/283 222/228/221
f 224/230/223 285/293/284 286/294/285 225/231/224
f 287/295/286 230/236/229 229/235/228 288/296/287
f 289/297/288 287/295/286 288/296/287 290/298/289
f 230/236/229 287/295/286 291/299/290 231/237/230
f 292/300/291 236/242/235 235/241/234 293/301/292
f 294/302/293 295/303/294 296/304/295 297/305/296
f 297/305/296 296/304/295 238/244/237 237/243/236
f 298/306/297 239/245/238 78/80/77 238/244/237
f 296/304/295 299/307/298 298/306/297 238/244/237
f 86/88/85 239/245/238 300/308/299 240/246/239
f 300/308/299 301/309/300 302/310/301 240/246/239
f 242/248/241 241/247/240 240/246/239 302/310/301
f 242/248/241 302/310/301 303/311/302 243/249/242
f 245/251/244 304/312/303 305/313/304 246/252/245
f 104/106/103 250/256/249 306/314/305
f 307/315/306 308/316/307 309/317/308 310/318/309
f 251/257/250 254/260/253 308/316/307 307/315/306
f 311/319/310 312/320/311 313/321/312 314/322/313
f 256/262/255 255/261/254 314/322/313 313/321/312
f 257/263/256 315/323/314 316/324/315 259/265/258
f 316/324/315 317/325/316 318/326/317 259/265/258
f 260/266/259 259/265/258 318/326/317 261/267/260
f 261/267/260 319/327/318 320/328/319 186/191/185
f 186/191/185 320/328/319 262/268/261 187/192/186
f 321/329/320 322/330/321 323/331/322 324/332/323
f 324/332/323 323/331/322 264/270/263 263/269/262
f 75/77/74 74/76/73 325/333/324 326/334/325
f 326/334/325 325/333/324 266/272/265 265/271/264
f 268/274/267 327/335/326 328/336/327 329/337/328
f 329/337/328 271/277/270 269/275/268 268/274/267
f 330/338/329 272/278/271 271/281/270 329/339/328
f 272/278/271 330/338/329 331/340/330 332/341/331
f 333/342/332 334/343/333 335/344/334 332/341/331
f 336/345/335 337/346/336 338/347/337 339/348/338
f 210/216/209 340/349/339 341/350/340 342/351/341 211/217/210
f 340/349/339 336/345/335 339/348/338 341/350/340
f 343/352/342 344/353/343 345/354/344 346/355/345
f 347/356/346 348/357/347 349/358/348 350/359/349
f 350/359/349 351/360/350 352/361/351 347/356/346
f 351/360/350 353/362/352 354/363/353 352/361/351
f 355/364/354 356/365/355 357/366/356 358/367/357
f 359/368/358 360/369/359 31/31/30 30/30/29 361/370/360
f 362/371/361 363/372/362 364/373/363 365/374/364
f 366/375/365 367/376/366 368/377/367 365/374/364
f 369/378/368 367/376/366 370/379/369 371/380/370
f 372/381/371 373/382/372 371/383/370 370/384/369
f 374/385/373 372/381/371 370/384/369 375/386/374
f 373/382/372 372/381/371 376/387/375 377/388/376
f 378/389/377 379/390/378 380/391/379 381/392/380
f 382/393/381 383/394/382 384/395/383 385/396/384
f 386/397/385 385/396/384 384/395/383 387/398/386
f 388/399/387 389/400/388 390/401/389 387/398/386
f 384/395/383 391/402/390 388/399/387 387/398/386
f 389/400/388 392/403/391 393/404/392 390/401/389
f 392/403/391 389/400/388 394/405/393 395/406/394
f 396/407/395 397/408/396 392/403/391 395/406/394
f 394/405/393 398/409/397 399/410/398 395/406/394
f 399/410/398 400/411/399 396/407/395 395/406/394
f 400/411/399 399/410/398 401/412/400 402/413/401
f 402/413/401 403/414/402 404/415/403 400/411/399
f 405/416/404 406/417/405 407/418/406 408/419/407
f 104/106/103 409/420/408 410/421/409
f 411/422/410 310/318/309 309/317/308 412/423/411
f 413/424/412 414/425/413 415/426/414 416/427/415
f 416/427/415 312/320/311 311/319/310 413/424/412
f 313/321/312 312/320/311 417/428/416 418/429/417
f 417/428/416 419/430/418 420/431/419 418/429/417
f 418/429/417 420/431/419 316/324/315 315/323/314
f 420/431/419 421/432/420 317/325/316 316/324/315
f 261/267/260 318/326/317 422/433/421 319/327/318
f 321/329/320 423/434/422 424/435/423 322/330/321
f 425/436/424 426/437/425 427/438/426 428/439/427
f 427/438/426 327/335/326 429/440/428 428/439/427
f 327/335/326 427/438/426 430/441/429 328/336/327
f 431/442/430 432/443/431 328/444/327 430/445/429
f 432/443/431 330/338/329 329/339/328 328/444/327
f 337/346/336 345/354/344 344/353/343 338/347/337
f 346/355/345 349/358/348 348/357/347 343/352/342
f 433/446/432 432/443/431 431/442/430 434/447/433
f 434/447/433 435/448/434 436/449/435 433/446/432
f 431/450/430 437/451/436 438/452/437 434/453/433
f 437/454/436 431/442/430 430/445/429 439/455/438
f 427/438/426 426/437/425 439/456/438 430/441/429
f 439/456/438 426/437/425 440/457/439 441/458/440
f 442/459/441 443/460/442 444/461/443 445/462/444
f 446/463/445 422/433/421 318/326/317 317/325/316
f 421/432/420 447/464/446 446/463/445 317/325/316
f 420/431/419 419/430/418 448/465/447 421/432/420
f 449/466/448 450/467/449 448/465/447 419/430/418
f 449/466/448 419/430/418 417/428/416 451/468/450
f 451/468/450 417/428/416 312/320/311 416/427/415
f 451/468/450 452/469/451 453/470/452 449/466/448
f 415/426/414 414/425/413 454/471/453 455/472/454
f 456/473/455 457/474/456 455/472/454 454/471/453
f 458/475/457 459/476/458 411/422/410 412/423/411
f 104/106/103 460/477/459 461/478/460
f 104/106/103 462/479/461 460/477/459
f 463/480/462 464/481/463 465/482/464 466/483/465
f 464/481/463 459/476/458 458/475/457 465/482/464
f 456/473/455 467/484/466 468/485/467 457/474/456
f 455/472/454 457/474/456 469/486/468 470/487/469
f 469/486/468 471/488/470 472/489/471 470/487/469
f 470/487/469 472/489/471 453/470/452 452/469/451
f 472/489/471 473/490/472 474/491/473 453/470/452
f 449/466/448 453/470/452 474/491/473 450/467/449
f 421/432/420 448/465/447 475/492/474 447/464/446
f 444/461/443 476/493/475 477/494/476 445/462/444
f 478/495/477 479/496/478 480/497/479 481/498/480
f 480/497/479 440/457/439 482/499/481 481/498/480
f 440/457/439 480/497/479 483/500/482 441/458/440
f 484/501/483 485/502/484 441/503/440 483/504/482
f 485/502/484 437/451/436 439/505/438 441/503/440
f 486/506/485 485/502/484 484/501/483 487/507/486
f 487/507/486 488/508/487 489/509/488 486/506/485
f 484/501/483 490/510/489 491/511/490 487/507/486
f 490/510/489 484/501/483 483/504/482 492/512/491
f 480/497/479 479/496/478 492/513/491 483/500/482
f 493/514/492 494/515/493 495/516/494 492/513/491 479/496/478
f 496/517/495 497/518/496 498/519/497 499/520/498
f 500/521/499 475/492/474 448/465/447 450/467/449
f 450/467/449 474/491/473 501/522/500 500/521/499
f 473/490/472 502/523/501 501/522/500 474/491/473
f 472/489/471 471/488/470 503/524/502 473/490/472
f 471/488/470 504/525/503 505/526/504 503/524/502
f 504/525/503 471/488/470 469/486/468 506/527/505
f 506/527/505 469/486/468 457/474/456 468/485/467
f 468/485/467 467/484/466 507/528/506 508/529/507
f 509/530/508 510/531/509 508/529/507 507/528/506
f 511/532/510 512/533/511 463/480/462 466/483/465
f 104/106/103 513/534/512 514/535/513
f 104/106/103 515/536/514 513/534/512
f 516/537/515 517/538/516 518/539/517 519/540/518
f 517/538/516 520/541/519 521/542/520 518/539/517
f 520/541/519 512/533/511 511/532/510 521/542/520
f 509/530/508 522/543/521 523/544/522 510/531/509
f 508/529/507 510/531/509 524/545/523 525/546/524
f 524/545/523 526/547/525 527/548/526 525/546/524
f 525/546/524 527/548/526 504/525/503 506/527/505
f 527/548/526 528/549/527 505/526/504 504/525/503
f 473/490/472 503/524/502 529/550/528 502/523/501
f 498/519/497 530/551/529 531/552/530 499/520/498
f 532/553/531 533/554/532 534/555/533 535/556/534
f 535/556/534 534/555/533 493/514/492 536/557/535
f 493/514/492 534/555/533 537/558/536 538/559/537 494/515/493
f 539/560/538 540/561/539 541/562/540 538/563/537 537/564/536
f 542/562/541 494/565/493 538/563/537 541/562/540
f 540/561/539 490/510/489 492/512/491 495/566/494 541/562/540
f 353/362/352 543/567/542 544/568/543 354/363/353
f 545/569/544 355/364/354 358/367/357 546/570/545
f 547/571/546 540/561/539 539/560/538 548/572/547
f 548/572/547 549/573/548 550/574/549 547/571/546
f 539/560/538 551/575/550 552/576/551 548/572/547
f 551/575/550 539/560/538 537/564/536 553/577/552
f 534/555/533 533/554/532 553/578/552 537/558/536
f 553/578/552 533/554/532 554/579/553 555/580/554
f 529/550/528 503/524/502 505/526/504 556/581/555
f 528/549/527 557/582/556 556/581/555 505/526/504
f 527/548/526 526/547/525 558/583/557 528/549/527
f 526/547/525 559/584/558 560/585/559 558/583/557
f 559/584/558 526/547/525 524/545/523 561/586/560
f 561/586/560 524/545/523 510/531/509 523/544/522
f 523/544/522 522/543/521 562/587/561 563/588/562
f 562/587/561 564/589/563 565/590/564 563/588/562
f 566/591/565 567/592/566 565/590/564 564/589/563
f 568/593/567 569/594/568 516/537/515 519/540/518
f 104/106/103 570/595/569 571/596/570
f 104/106/103 572/597/571 570/595/569
f 104/106/103 573/598/572 574/599/573
f 575/600/574 576/601/575 577/602/576 578/603/577
f 576/601/575 569/594/568 568/593/567 577/602/576
f 566/591/565 579/604/578 580/605/579 567/592/566
f 565/590/564 567/592/566 581/606/580 582/607/581
f 582/607/581 583/608/582 584/609/583 585/610/584
f 585/610/584 584/609/583 559/584/558 561/586/560
f 584/609/583 586/611/585 560/585/559 559/584/558
f 528/549/527 558/583/557 587/612/586 557/582/556
f 588/613/587 589/614/588 378/389/377 381/392/380
f 590/615/589 591/616/590 592/617/591 593/618/592
f 593/618/592 592/617/591 554/579/553 594/619/593
f 554/579/553 592/617/591 595/620/594 555/580/554
f 596/621/595 597/622/596 555/623/554 595/624/594
f 597/622/596 551/575/550 553/577/552 555/623/554
f 598/625/597 599/626/598 600/627/599 601/628/600
f 602/629/601 597/622/596 596/621/595 603/630/602
f 603/630/602 604/631/603 605/632/604 602/629/601
f 596/621/595 606/633/605 607/634/606 603/630/602
f 606/633/605 596/621/595 595/624/594 608/635/607
f 592/617/591 591/616/590 608/636/607 595/620/594
f 608/636/607 591/616/590 609/637/608 610/638/609
f 443/460/442 442/459/441 424/435/423 423/434/422
f 611/639/610 612/640/611 613/641/612 614/642/613
f 615/643/614 587/612/586 558/583/557 560/585/559
f 586/611/585 616/644/615 615/643/614 560/585/559
f 584/609/583 583/608/582 617/645/616 586/611/585
f 618/646/617 619/647/618 617/645/616 583/608/582
f 583/608/582 582/607/581 581/606/580 618/646/617
f 618/646/617 620/648/619 621/649/620 619/647/618
f 620/648/619 618/646/617 581/606/580 622/650/621
f 622/650/621 581/606/580 567/592/566 580/605/579
f 580/605/579 579/604/578 623/651/622 624/652/623
f 623/651/622 625/653/624 626/654/625 624/652/623
f 627/655/626 628/656/627 626/654/625 625/653/624
f 629/657/628 630/658/629 631/659/630 632/660/631
f 104/106/103 633/661/632 573/598/572
f 104/106/103 634/662/633 633/661/632
f 104/106/103 635/663/634 634/662/633
f 104/106/103 636/664/635 635/663/634
f 627/655/626 637/665/636 398/409/397 628/656/627
f 626/654/625 628/656/627 638/666/637 639/667/638
f 639/667/638 391/402/390 640/668/639 641/669/640
f 641/669/640 640/668/639 620/648/619 622/650/621
f 640/668/639 383/394/382 621/649/620 620/648/619
f 586/611/585 617/645/616 642/670/641 616/644/615
f 292/300/291 293/301/292 614/642/613 613/641/612
f 643/671/642 644/672/643 645/673/644 646/674/645
f 646/674/645 645/673/644 609/637/608 647/675/646
f 609/637/608 645/673/644 648/676/647 610/638/609
f 648/677/647 649/678/648 650/679/649 610/680/609
f 650/679/649 606/633/605 608/635/607 610/680/609
f 599/626/598 651/681/650 652/682/651 600/627/599
f 653/683/652 360/369/359 359/368/358 654/684/653
f 655/685/654 650/679/649 649/678/648 656/686/655
f 656/686/655 657/687/656 658/688/657 655/685/654
f 649/678/648 659/689/658 660/690/659 656/686/655
f 659/689/658 649/678/648 648/677/647 661/691/660
f 645/673/644 644/672/643 661/692/660 648/676/647
f 661/692/660 644/672/643 662/693/661 663/694/662
f 497/695/496 496/696/495 477/494/476 476/493/475
f 664/697/663 642/670/641 617/645/616 619/647/618
f 664/697/663 619/647/618 621/649/620 665/698/664
f 621/649/620 383/394/382 382/393/381 665/698/664
f 640/668/639 391/402/390 384/395/383 383/394/382
f 391/402/390 639/667/638 638/666/637 388/399/387
f 388/399/387 638/666/637 394/405/393 389/400/388
f 394/405/393 638/666/637 628/656/627 398/409/397
f 398/409/397 637/665/636 401/412/400 399/410/398
f 67/69/66 70/72/69 234/240/233 233/239/232
f 666/699/665 374/385/373 667/700/666 668/701/667
f 668/701/667 667/700/666 662/693/661 669/702/668
f 662/693/661 667/700/666 670/703/669 663/694/662
f 670/704/669 671/705/670 672/706/671 663/707/662
f 672/706/671 659/689/658 661/691/660 663/707/662
f 32/32/31 673/708/672 674/709/673 29/29/28
f 675/710/674 672/706/671 671/705/670 364/373/363
f 364/373/363 363/372/362 676/711/675 675/710/674
f 667/700/666 374/385/373 375/386/374 670/703/669
f 380/391/379 379/390/378 531/552/530 530/551/529
f 677/712/676 678/713/677 679/714/678 680/715/679
f 681/716/680 682/717/681 679/714/678 678/713/677
f 683/718/682 301/309/300 684/719/683 685/720/684
f 404/415/403 403/414/402 685/720/684 684/719/683
f 396/407/395 686/721/685 299/307/298 397/408/396
f 392/403/391 397/408/396 295/303/294 393/404/392
f 393/404/392 687/722/686 688/723/687 390/401/389
f 390/401/389 688/723/687 386/397/385 387/398/386
f 612/640/611 611/639/610 589/614/588 588/613/587
f 289/297/288 689/724/688 690/725/689 691/726/690
f 689/724/688 692/727/691 693/728/692 690/725/689
f 692/727/691 689/724/688 694/729/693 695/730/694
f 695/730/694 371/731/370 373/732/372 692/727/691
f 696/733/695 369/734/368 371/735/370 695/736/694
f 369/734/368 696/733/695 697/737/696 698/738/697
f 699/739/698 700/740/699 368/377/367 698/741/697
f 29/29/28 674/709/673 701/742/700 33/33/32
f 33/33/32 701/742/700 702/743/701 703/744/702
f 704/745/703 705/746/704 34/34/33 33/33/32 703/744/702
f 706/747/705 704/745/703 703/744/702 707/748/706
f 706/747/705 707/748/706 708/749/707 709/750/708
f 709/750/708 708/749/707 710/751/709 711/752/710 712/753/711
f 712/753/711 711/752/710 713/754/712 714/755/713
f 213/219/212 715/756/714 714/755/713 713/754/712
f 713/754/712 711/752/710 710/751/709 716/757/715
f 213/219/212 713/754/712 716/757/715 214/220/213
f 716/757/715 710/751/709 275/283/274 274/282/273
f 214/220/213 716/757/715 274/282/273 143/146/142
f 275/283/274 717/758/716 277/285/276 276/284/275
f 277/285/276 717/758/716 718/759/717 280/288/279
f 280/288/279 719/760/718 281/289/280 279/287/278
f 720/761/719 282/290/281 281/289/280 719/760/718
f 721/762/720 283/291/282 282/290/281 720/761/719
f 283/291/282 721/762/720 722/763/721 284/292/283
f 696/733/695 723/764/722 286/294/285 697/737/696
f 286/294/285 285/293/284 724/765/723 697/737/696
f 694/729/693 689/724/688 289/297/288 290/298/289
f 294/302/293 687/722/686 393/404/392 295/303/294
f 299/307/298 296/304/295 295/303/294 397/408/396
f 299/307/298 686/721/685 725/766/724 298/306/297
f 298/306/297 725/766/724 300/308/299 239/245/238
f 300/308/299 725/766/724 684/719/683 301/309/300
f 301/309/300 683/718/682 303/311/302 302/310/301
f 305/313/304 304/312/303 677/712/676 680/715/679
f 722/763/721 721/762/720 674/709/673 673/708/672
f 721/762/720 720/761/719 701/742/700 674/709/673
f 701/742/700 720/761/719 719/760/718 702/743/701
f 719/760/718 280/288/279 718/759/717 702/743/701
f 702/743/701 718/759/717 707/748/706 703/744/702
f 718/759/717 717/758/716 708/749/707 707/748/706
f 717/758/716 275/283/274 710/751/709 708/749/707
f 361/370/360 30/30/29 34/34/33 705/746/704
f 106/108/105 249/255/248 104/106/103
f 173/178/172 726/767/725 104/106/103
f 726/767/725 105/107/104 104/106/103
f 727/768/726 728/769/727 104/106/103
f 728/769/727 172/177/171 104/106/103
f 729/770/728 730/771/729 104/106/103
f 730/771/729 727/768/726 104/106/103
f 306/314/305 731/772/730 104/106/103
f 732/773/731 733/774/732 104/106/103
f 733/774/732 729/770/728 104/106/103
f 410/421/409 636/664/635 104/106/103
f 461/478/460 732/773/731 104/106/103
f 514/535/513 462/479/461 104/106/103
f 571/596/570 734/775/733 104/106/103
f 734/775/733 515/536/514 104/106/103
f 574/599/573 572/597/571 104/106/103
f 735/776/734 736/777/735 104/106/103
f 736/777/735 409/420/408 104/106/103
f 104/106/103 731/772/730 735/776/734
f 246/252/245 737/778/736 738/779/737 247/253/246
f 102/104/101 247/253/246 738/779/737 739/780/738
f 740/781/739 741/782/740 458/475/457 412/423/411
f 742/783/741 465/482/464 458/475/457 741/782/740
f 743/784/742 744/785/743 511/532/510 466/483/465
f 745/786/744 521/542/520 511/532/510 744/785/743
f 746/787/745 747/788/746 568/593/567 519/540/518
f 748/789/747 577/602/576 568/593/567 747/788/746
f 749/790/748 629/657/628 632/660/631 750/791/749
f 751/792/750 752/793/751 305/313/304 680/715/679
f 753/794/752 112/114/111 103/105/102 754/795/753
f 755/796/754 179/184/178 110/112/109 756/797/755
f 682/717/681 408/419/407 757/798/756 758/799/757
f 632/660/631 578/603/577 759/800/758 750/791/749
f 760/801/759 629/657/628 749/790/748 761/802/760
f 762/803/761 760/801/759 761/802/760 763/804/762
f 407/418/406 762/803/761 763/804/762 764/805/763
f 103/105/102 102/104/101 739/780/738 754/795/753
f 110/112/109 109/111/108 765/806/764 756/797/755
f 112/114/111 753/794/752 765/806/764 109/111/108
f 175/180/174 766/807/765 767/808/766 176/181/175
f 179/184/178 755/796/754 766/807/765 175/180/174
f 254/260/253 253/259/252 768/809/767 769/810/768
f 176/181/175 767/808/766 768/809/767 253/259/252
f 246/252/245 305/313/304 752/793/751 737/778/736
f 770/811/769 771/812/770 309/317/308 308/316/307
f 254/260/253 769/810/768 770/811/769 308/316/307
f 764/805/763 757/798/756 408/419/407 407/418/406
f 771/812/770 740/781/739 412/423/411 309/317/308
f 742/783/741 743/784/742 466/483/465 465/482/464
f 772/813/771 746/787/745 519/540/518 518/539/517
f 745/786/744 772/813/771 518/539/517 521/542/520
f 748/789/747 759/800/758 578/603/577 577/602/576
f 682/717/681 758/799/757 773/814/772 679/714/678
f 680/715/679 679/714/678 773/814/772 751/792/750
f 106/108/105 105/107/104 753/794/752 754/795/753
f 173/178/172 172/177/171 755/796/754 756/797/755
f 249/255/248 739/780/738 738/779/737 250/256/249
f 306/314/305 250/256/249 738/779/737 737/778/736
f 758/799/757 757/798/756 410/421/409 409/420/408
f 740/781/739 461/478/460 460/477/459 741/782/740
f 742/783/741 741/782/740 460/477/459 462/479/461
f 743/784/742 514/535/513 513/534/512 744/785/743
f 745/786/744 744/785/743 513/534/512 515/536/514
f 746/787/745 571/596/570 570/595/569 747/788/746
f 750/791/749 759/800/758 574/599/573 573/598/572
f 749/790/748 750/791/749 573/598/572 633/661/632
f 761/802/760 749/790/748 633/661/632 634/662/633
f 763/804/762 761/802/760 634/662/633 635/663/634
f 764/805/763 763/804/762 635/663/634 636/664/635
f 739/780/738 249/255/248 106/108/105 754/795/753
f 765/806/764 726/767/725 173/178/172 756/797/755
f 765/806/764 753/794/752 105/107/104 726/767/725
f 767/808/766 766/807/765 728/769/727 727/768/726
f 766/807/765 755/796/754 172/177/171 728/769/727
f 730/771/729 729/770/728 769/810/768 768/809/767
f 727/768/726 730/771/729 768/809/767 767/808/766
f 731/772/730 306/314/305 737/778/736 752/793/751
f 733/774/732 732/773/731 771/812/770 770/811/769
f 729/770/728 733/774/732 770/811/769 769/810/768
f 636/664/635 410/421/409 757/798/756 764/805/763
f 732/773/731 461/478/460 740/781/739 771/812/770
f 462/479/461 514/535/513 743/784/742 742/783/741
f 734/775/733 571/596/570 746/787/745 772/813/771
f 515/536/514 734/775/733 772/813/771 745/786/744
f 574/599/573 759/800/758 748/789/747 572/597/571
f 570/595/569 572/597/571 748/789/747 747/788/746
f 736/777/735 735/776/734 751/792/750 773/814/772
f 409/420/408 736/777/735 773/814/772 758/799/757
f 731/772/730 752/793/751 751/792/750 735/776/734
f 112/114/111 111/113/110 100/102/99 103/105/102
f 179/184/178 178/183/177 107/109/106 110/112/109
f 405/416/404 408/419/407 682/717/681 681/716/680
f 631/659/630 575/600/574 578/603/577 632/660/631
f 774/815/773 630/658/629 629/657/628 760/801/759
f 775/816/774 774/815/773 760/801/759 762/803/761
f 406/417/405 775/816/774 762/803/761 407/418/406
f 776/817/775 777/818/776 778/819/777 779/820/778
f 780/821/779 781/822/780 782/823/781 783/824/782
f 784/825/783 785/826/784 786/827/785 787/828/786
f 788/829/787 789/830/788 790/831/789 791/832/790
f 792/833/791 793/834/792 794/835/793 795/836/794
f 792/833/791 796/837/795 797/838/796 793/834/792
f 797/838/796 796/837/795 777/818/776 776/817/775
f 798/839/797 799/840/798 800/841/799 801/842/800
f 802/843/801 803/844/802 804/845/803 805/846/804
f 806/847/805 807/848/806 808/849/807 809/850/808
f 810/851/809 811/852/810 812/853/811 813/854/812
f 814/855/813 783/824/782 782/823/781 815/856/814
f 781/822/780 780/821/779 813/854/812 812/853/811
f 800/841/799 811/852/810 810/851/809 801/842/800
f 808/849/807 799/840/798 798/839/797 809/850/808
f 786/827/785 807/848/806 806/847/805 787/828/786
f 804/845/803 785/826/784 784/825/783 805/846/804
f 790/831/789 803/844/802 802/843/801 791/832/790
f 794/835/793 789/830/788 788/829/787 795/836/794
f 779/820/778 816/857/815 817/858/816 776/817/775
f 818/859/817 780/821/779 783/824/782 819/860/818
f 820/861/819 821/862/820 786/827/785 785/826/784
f 822/863/821 823/864/822 790/831/789 789/830/788
f 824/865/823 825/866/824 794/835/793 793/834/792
f 826/867/825 824/865/823 793/834/792 797/838/796
f 817/858/816 826/867/825 797/838/796 776/817/775
f 827/868/826 828/869/827 800/841/799 799/840/798
f 829/870/828 830/871/829 804/845/803 803/844/802
f 831/872/830 832/873/831 808/849/807 807/848/806
f 833/874/832 834/875/833 812/853/811 811/852/810
f 835/876/834 836/877/835 815/856/814 782/823/781
f 812/853/811 834/875/833 837/878/836 781/822/780
f 800/841/799 828/869/827 833/874/832 811/852/810
f 808/849/807 832/873/831 827/868/826 799/840/798
f 786/827/785 821/862/820 831/872/830 807/848/806
f 830/871/829 820/861/819 785/826/784 804/845/803
f 823/864/822 829/870/828 803/844/802 790/831/789
f 825/866/824 822/863/821 789/830/788 794/835/793
f 838/879/837 778/819/777 777/818/776 839/880/838
f 781/822/780 837/878/836 835/876/834 782/823/781
f 840/881/839 784/825/783 787/828/786 841/882/840
f 842/883/841 843/884/842 788/829/787 791/832/790
f 844/885/843 845/886/844 792/833/791 795/836/794
f 792/833/791 845/886/844 846/887/845 796/837/795
f 796/837/795 846/887/845 839/880/838 777/818/776
f 847/888/846 798/839/797 801/842/800 848/889/847
f 849/890/848 850/891/849 802/843/801 805/846/804
f 851/892/850 806/847/805 809/850/808 852/893/851
f 853/894/852 810/851/809 813/854/812 854/895/853
f 819/860/818 783/824/782 814/855/813 855/896/854
f 854/895/853 813/854/812 780/821/779 818/859/817
f 848/889/847 801/842/800 810/851/809 853/894/852
f 852/893/851 809/850/808 798/839/797 847/888/846
f 841/882/840 787/828/786 806/847/805 851/892/850
f 784/825/783 840/881/839 849/890/848 805/846/804
f 802/843/801 850/891/849 842/883/841 791/832/790
f 788/829/787 843/884/842 844/885/843 795/836/794
f 856/897/855 857/898/856 858/899/857 859/900/858
f 858/899/857 824/865/823 826/867/825 859/900/858
f 857/898/856 860/901/859 861/902/860 858/899/857
f 861/902/860 825/866/824 824/865/823 858/899/857
f 860/901/859 862/903/861 863/904/862 861/902/860
f 863/904/862 822/863/821 825/866/824 861/902/860
f 862/903/861 864/905/863 865/906/864 863/904/862
f 865/906/864 823/864/822 822/863/821 863/904/862
f 864/905/863 866/907/865 867/908/866 865/906/864
f 867/908/866 829/870/828 823/864/822 865/906/864
f 866/907/865 868/909/867 869/910/868 867/908/866
f 869/910/868 830/871/829 829/870/828 867/908/866
f 869/910/868 868/909/867 870/911/869 871/912/870
f 869/910/868 871/912/870 820/861/819 830/871/829
f 871/912/870 870/911/869 872/913/871 873/914/872
f 873/914/872 821/862/820 820/861/819 871/912/870
f 873/914/872 872/913/871 874/915/873 875/916/874
f 873/914/872 875/916/874 831/872/830 821/862/820
f 875/916/874 874/915/873 876/917/875 877/918/876
f 877/918/876 832/873/831 831/872/830 875/916/874
f 877/918/876 876/917/875 878/919/877 879/920/878
f 879/920/878 827/868/826 832/873/831 877/918/876
f 879/920/878 878/919/877 880/921/879 881/922/880
f 881/922/880 828/869/827 827/868/826 879/920/878
f 881/922/880 880/921/879 882/923/881 883/924/882
f 883/924/882 833/874/832 828/869/827 881/922/880
f 883/924/882 882/923/881 884/925/883 885/926/884
f 885/926/884 834/875/833 833/874/832 883/924/882
f 885/926/884 884/925/883 886/927/885 887/928/886
f 887/928/886 837/878/836 834/875/833 885/926/884
f 887/928/886 886/927/885 888/929/887 889/930/888
f 889/930/888 835/876/834 837/878/836 887/928/886
f 889/930/888 888/929/887 890/931/889 891/932/890
f 891/932/890 836/877/835 835/876/834 889/930/888
f 891/932/890 890/931/889 892/933/891 893/934/892
f 893/934/892 815/856/814 836/877/835 891/932/890
f 893/934/892 892/933/891 894/935/893 895/936/894
f 895/936/894 814/855/813 815/856/814 893/934/892
f 894/935/893 896/937/895 897/938/896 895/936/894
f 897/938/896 855/896/854 814/855/813 895/936/894
f 896/937/895 898/939/897 899/940/898 897/938/896
f 899/940/898 819/860/818 855/896/854 897/938/896
f 898/939/897 900/941/899 901/942/900 899/940/898
f 901/942/900 818/859/817 819/860/818 899/940/898
f 900/941/899 902/943/901 903/944/902 901/942/900
f 903/944/902 854/895/853 818/859/817 901/942/900
f 902/943/901 904/945/903 905/946/904 903/944/902
f 905/946/904 853/894/852 854/895/853 903/944/902
f 904/945/903 906/947/905 907/948/906 905/946/904
f 907/948/906 848/889/847 853/894/852 905/946/904
f 906/947/905 908/949/907 909/950/908 907/948/906
f 909/950/908 847/888/846 848/889/847 907/948/906
f 908/949/907 910/951/909 911/952/910 909/950/908
f 911/952/910 852/893/851 847/888/846 909/950/908
f 910/951/909 912/953/911 913/954/912 911/952/910
f 913/954/912 851/892/850 852/893/851 911/952/910
f 912/953/911 914/955/913 915/956/914 913/954/912
f 915/956/914 841/882/840 851/892/850 913/954/912
f 915/956/914 914/955/913 916/957/915 917/958/916
f 915/956/914 917/958/916 840/881/839 841/882/840
f 916/957/915 918/959/917 919/960/918 917/958/916
f 919/960/918 849/890/848 840/881/839 917/958/916
f 919/960/918 918/959/917 920/961/919 921/962/920
f 919/960/918 921/962/920 850/891/849 849/890/848
f 921/962/920 920/961/919 922/963/921 923/964/922
f 923/964/922 842/883/841 850/891/849 921/962/920
f 923/964/922 922/963/921 924/965/923 925/966/924
f 925/966/924 843/884/842 842/883/841 923/964/922
f 925/966/924 924/965/923 926/967/925 927/968/926
f 927/968/926 844/885/843 843/884/842 925/966/924
f 927/968/926 926/967/925 928/969/927 929/970/928
f 929/970/928 845/886/844 844/885/843 927/968/926
f 929/970/928 928/969/927 930/971/929 931/972/930
f 931/972/930 846/887/845 845/886/844 929/970/928
f 932/973/931 933/974/932 931/972/930 930/971/929
f 934/975/933 935/976/934 933/974/932 932/973/931
f 935/976/934 934/975/933 936/977/935 937/978/936
f 937/978/936 778/819/777 838/879/837 935/976/934
f 937/978/936 936/977/935 938/979/937 939/980/938
f 939/980/938 779/820/778 778/819/777 937/978/936
f 938/979/937 940/981/939 941/982/940 939/980/938
f 941/982/940 816/857/815 779/820/778 939/980/938
f 940/981/939 942/983/941 943/984/942 941/982/940
f 942/983/941 856/897/855 859/900/858 943/984/942
f 859/900/858 826/867/825 817/858/816 943/984/942
f 63/65/62 232/238/231 65/67/64 61/61/60
f 62/62/61 66/68/65 135/137/134 134/136/133
f 130/132/129 133/135/132 200/205/199 199/204/198
f 289/297/288 691/726/690 291/299/290 287/295/286
f 267/273/266 429/440/428 327/335/326 268/274/267
f 374/385/373 666/699/665 376/387/375 372/381/371
f 373/732/372 377/985/376 693/728/692 692/727/691
f 425/436/424 482/499/481 440/457/439 426/437/425
f 478/495/477 536/557/535 493/514/492 479/496/478
f 532/553/531 594/619/593 554/579/553 533/554/532
f 590/615/589 647/675/646 609/637/608 591/616/590
f 643/671/642 669/702/668 662/693/661 644/672/643
f 200/205/199 944/986/943 945/987/944 201/206/200
f 267/273/266 946/988/945 947/989/946 429/440/428
f 428/439/427 948/990/947 949/991/948 425/436/424
f 425/436/424 949/991/948 950/992/949 482/499/481
f 481/498/480 951/993/950 952/994/951 478/495/477
f 952/994/951 953/995/952 536/557/535 478/495/477
f 535/556/534 954/996/953 955/997/954 532/553/531
f 955/997/954 956/998/955 594/619/593 532/553/531
f 593/618/592 957/999/956 958/1000/957 590/615/589
f 958/1000/957 959/1001/958 647/675/646 590/615/589
f 646/674/645 960/1002/959 961/1003/960 643/671/642
f 961/1003/960 962/1004/961 669/702/668 643/671/642
f 668/701/667 963/1005/962 964/1006/963 666/699/665
f 964/1006/963 965/1007/964 376/387/375 666/699/665
f 377/985/376 966/1008/965 967/1009/966 693/728/692
f 967/1009/966 968/1010/967 690/725/689 693/728/692
f 291/299/290 969/1011/968 970/1012/969 231/237/230
f 971/1013/970 133/135/132 132/134/131 972/1014/971
f 944/986/943 200/205/199 133/135/132 971/1013/970
f 270/276/269 201/206/200 945/987/944 973/1015/972
f 946/988/945 267/273/266 270/276/269 973/1015/972
f 428/439/427 429/440/428 947/989/946 948/990/947
f 972/1014/971 132/134/131 135/137/134 974/1016/973
f 975/1017/974 66/68/65 65/67/64 976/1018/975
f 974/1016/973 135/137/134 66/68/65 975/1017/974
f 481/498/480 482/499/481 950/992/949 951/993/950
f 977/1019/976 691/726/690 690/725/689 968/1010/967
f 969/1011/968 291/299/290 691/726/690 977/1019/976
f 953/995/952 954/996/953 535/556/534 536/557/535
f 956/998/955 957/999/956 593/618/592 594/619/593
f 959/1001/958 960/1002/959 646/674/645 647/675/646
f 962/1004/961 963/1005/962 668/701/667 669/702/668
f 965/1007/964 966/1020/965 377/388/376 376/387/375
f 232/238/231 231/237/230 970/1012/969 978/1021/977
f 976/1018/975 65/67/64 232/238/231 978/1021/977
f 117/119/116 99/101/98 115/117/114 167/172/166
f 117/119/116 91/93/90 95/97/94 99/101/98
f 184/189/183 171/176/170 182/187/181 258/264/257
f 184/189/183 168/173/167 114/116/113 171/176/170
f 315/323/314 256/262/255 313/321/312 418/429/417
f 315/323/314 257/263/256 181/186/180 256/262/255
f 451/468/450 416/427/415 415/426/414 452/469/451
f 452/469/451 415/426/414 455/472/454 470/487/469
f 506/527/505 468/485/467 508/529/507 525/546/524
f 561/586/560 523/544/522 563/588/562 585/610/584
f 585/610/584 563/588/562 565/590/564 582/607/581
f 622/650/621 580/605/579 624/652/623 641/669/640
f 641/669/640 624/652/623 626/654/625 639/667/638
f 686/721/685 404/415/403 684/719/683 725/766/724
f 686/721/685 396/407/395 400/411/399 404/415/403
f 979/1022/978 98/100/97 97/99/96 980/1023/979
f 979/1022/978 101/103/100 100/102/99 981/1024/980
f 979/1022/978 981/1024/980 116/118/115 98/100/97
f 111/113/110 108/110/107 982/1025/981 983/1026/982
f 111/113/110 983/1026/982 981/1024/980 100/102/99
f 116/118/115 981/1024/980 983/1026/982 113/115/112
f 982/1025/981 170/175/169 113/115/112 983/1026/982
f 982/1025/981 108/110/107 107/109/106 984/1027/983
f 982/1025/981 984/1027/983 183/188/182 170/175/169
f 178/183/177 174/179/173 985/1028/984 986/1029/985
f 178/183/177 986/1029/985 984/1027/983 107/109/106
f 984/1027/983 986/1029/985 180/185/179 183/188/182
f 987/1030/986 988/1031/987 96/98/95 244/250/243
f 980/1023/979 97/99/96 96/98/95 988/1031/987
f 174/179/173 177/182/176 989/1032/988 985/1028/984
f 255/261/254 985/1028/984 989/1032/988 314/322/313
f 986/1029/985 985/1028/984 255/261/254 180/185/179
f 987/1030/986 244/250/243 243/249/242 990/1033/989
f 251/257/250 307/315/306 991/1034/990 992/1035/991
f 252/258/251 251/257/250 992/1035/991 993/1036/992
f 252/258/251 993/1036/992 989/1032/988 177/182/176
f 989/1032/988 993/1036/992 311/319/310 314/322/313
f 994/1037/993 403/414/402 402/413/401 995/1038/994
f 994/1037/993 406/417/405 405/416/404 996/1039/995
f 994/1037/993 996/1039/995 685/720/684 403/414/402
f 307/315/306 310/318/309 997/1040/996 991/1034/990
f 414/425/413 991/1034/990 997/1040/996 454/471/453
f 992/1035/991 991/1034/990 414/425/413 413/424/412
f 997/1040/996 998/1041/997 456/473/455 454/471/453
f 411/422/410 459/476/458 999/1042/998 998/1041/997
f 459/476/458 464/481/463 1000/1043/999 999/1042/998
f 467/484/466 999/1042/998 1000/1043/999 507/528/506
f 999/1042/998 467/484/466 456/473/455 998/1041/997
f 1000/1043/999 1001/1044/1000 509/530/508 507/528/506
f 463/480/462 512/533/511 1002/1045/1001 1001/1044/1000
f 512/533/511 520/541/519 1003/1046/1002 1002/1045/1001
f 522/543/521 1002/1045/1001 1003/1046/1002 562/587/561
f 1002/1045/1001 522/543/521 509/530/508 1001/1044/1000
f 1003/1046/1002 1004/1047/1003 564/589/563 562/587/561
f 564/589/563 1004/1047/1003 1005/1048/1004 566/591/565
f 516/537/515 569/594/568 1006/1049/1005 1005/1048/1004
f 569/594/568 576/601/575 1007/1050/1006 1006/1049/1005
f 579/604/578 1006/1049/1005 1007/1050/1006 623/651/622
f 1006/1049/1005 579/604/578 566/591/565 1005/1048/1004
f 1007/1050/1006 1008/1051/1007 625/653/624 623/651/622
f 625/653/624 1008/1051/1007 1009/1052/1008 627/655/626
f 631/659/630 630/658/629 1010/1053/1009 1009/1052/1008
f 774/815/773 775/816/774 995/1038/994 1011/1054/1010
f 1011/1054/1010 1010/1053/1009 630/658/629 774/815/773
f 637/665/636 1010/1053/1009 1011/1054/1010 401/412/400
f 1010/1053/1009 637/665/636 627/655/626 1009/1052/1008
f 681/716/680 678/713/677 1012/1055/1011 1013/1056/1012
f 681/716/680 1013/1056/1012 996/1039/995 405/416/404
f 996/1039/995 1013/1056/1012 683/718/682 685/720/684
f 1013/1056/1012 1012/1055/1011 303/311/302 683/718/682
f 990/1033/989 243/249/242 303/311/302 1012/1055/1011
f 248/254/247 101/103/100 979/1022/978 980/1023/979
f 245/251/244 988/1031/987 987/1030/986 304/312/303
f 248/254/247 980/1023/979 988/1031/987 245/251/244
f 677/712/676 304/312/303 987/1030/986 990/1033/989
f 311/319/310 993/1036/992 992/1035/991 413/424/412
f 775/816/774 406/417/405 994/1037/993 995/1038/994
f 411/422/410 998/1041/997 997/1040/996 310/318/309
f 463/480/462 1001/1044/1000 1000/1043/999 464/481/463
f 517/538/516 1004/1047/1003 1003/1046/1002 520/541/519
f 516/537/515 1005/1048/1004 1004/1047/1003 517/538/516
f 575/600/574 1008/1051/1007 1007/1050/1006 576/601/575
f 631/659/630 1009/1052/1008 1008/1051/1007 575/600/574
f 401/412/400 1011/1054/1010 995/1038/994 402/413/401
f 677/712/676 990/1033/989 1012/1055/1011 678/713/677
f 145/1057/144 152/1058/151 1014/1059/1013 1015/1060/1014
f 1016/1061/1015 142/1062/141 145/1057/144 1015/1060/1014
f 51/51/50 54/54/53 57/57/56 141/144/140
f 140/143/139 138/141/137 139/142/138 1017/1063/1016
f 1018/1064/1017 141/144/140 140/143/139 1019/1065/1018
f 1016/1061/1015 51/51/50 141/144/140 1018/1064/1017
f 215/1066/214 142/1062/141 1016/1061/1015 1018/1064/1017
f 1020/1067/1019 210/1068/209 209/1069/208 1019/1065/1018
f 1020/1067/1019 1019/1065/1018 140/143/139 1017/1063/1016
f 1017/1063/1016 139/142/138 155/158/154 208/214/207
f 207/213/206 206/212/205 205/211/204 1021/1070/1020
f 1022/1071/1021 208/214/207 207/213/206 1023/1072/1022
f 1020/1067/1019 1017/1063/1016 208/214/207 1022/1071/1021
f 1022/1071/1021 340/1073/339 210/1068/209 1020/1067/1019
f 151/1074/150 150/1075/149 1024/1076/1023 1025/1077/1024
f 152/1058/151 151/1074/150 1025/1077/1024 1014/1059/1013
f 205/211/204 335/344/334 334/343/333 1021/1070/1020
f 1023/1072/1022 207/213/206 1021/1070/1020 1026/1078/1025
f 336/1079/335 340/1073/339 1022/1071/1021 1023/1072/1022
f 150/1075/149 50/1080/49 1027/1081/1026 1024/1076/1023
f 333/342/332 332/341/331 331/340/330 1028/1082/1027
f 1029/1083/1028 334/343/333 333/342/332 1030/1084/1029
f 1026/1078/1025 1021/1070/1020 334/343/333 1029/1083/1028
f 1029/1083/1028 345/1085/344 337/1086/336 1026/1078/1025
f 284/1087/283 722/1088/721 1031/1089/1030 1032/1090/1031
f 1033/1091/1032 222/1092/221 284/1087/283 1032/1090/1031
f 362/371/361 365/374/364 368/377/367 700/740/699
f 1028/1082/1027 331/340/330 433/446/432 436/449/435
f 1030/1084/1029 333/342/332 1028/1082/1027 1034/1093/1033
f 346/1094/345 345/1085/344 1029/1083/1028 1030/1084/1029
f 1035/1095/1034 350/1096/349 349/1097/348 1034/1093/1033
f 1036/1098/1035 1035/1095/1034 436/449/435 435/448/434
f 435/448/434 434/447/433 438/1099/437 1037/1100/1036
f 1037/1101/1036 438/452/437 486/506/485 489/509/488
f 1036/1098/1035 435/448/434 1037/1102/1036 1038/1103/1037
f 351/1104/350 350/1096/349 1035/1095/1034 1036/1098/1035
f 1039/1105/1038 543/1106/542 353/1107/352 1038/1108/1037
f 1040/1109/1039 1039/1105/1038 489/509/488 488/508/487
f 488/508/487 487/507/486 491/511/490 1041/1110/1040
f 1041/1110/1040 491/511/490 547/571/546 550/574/549
f 1040/1109/1039 488/508/487 1041/1110/1040 1042/1111/1041
f 545/1112/544 543/1106/542 1039/1105/1038 1040/1109/1039
f 1043/1113/1042 356/1114/355 355/1115/354 1042/1111/1041
f 1044/1116/1043 1043/1113/1042 550/574/549 549/573/548
f 549/573/548 548/572/547 552/576/551 1045/1117/1044
f 1045/1117/1044 552/576/551 602/629/601 605/632/604
f 1044/1116/1043 549/573/548 1045/1117/1044 1046/1118/1045
f 598/1119/597 356/1114/355 1043/1113/1042 1044/1116/1043
f 1047/1120/1046 651/1121/650 599/1122/598 1046/1118/1045
f 1048/1123/1047 1047/1120/1046 605/632/604 604/631/603
f 604/631/603 603/630/602 607/634/606 1049/1124/1048
f 1049/1124/1048 607/634/606 655/685/654 658/688/657
f 1048/1123/1047 604/631/603 1049/1124/1048 1050/1125/1049
f 653/1126/652 651/1121/650 1047/1120/1046 1048/1123/1047
f 1051/1127/1050 31/1128/30 360/1129/359 1050/1125/1049
f 1052/1130/1051 1051/1127/1050 658/688/657 657/687/656
f 657/687/656 656/686/655 660/690/659 1053/1131/1052
f 1053/1131/1052 660/690/659 675/710/674 676/711/675
f 1052/1130/1051 657/687/656 1053/1131/1052 1054/1132/1053
f 32/1133/31 31/1128/30 1051/1127/1050 1052/1130/1051
f 722/1088/721 673/1134/672 1054/1132/1053 1031/1089/1030
f 699/1135/698 698/738/697 697/737/696 724/765/723
f 1055/1136/1054 700/740/699 699/739/698 1056/1137/1055
f 1033/1091/1032 362/371/361 700/740/699 1055/1136/1054
f 48/1138/47 222/1092/221 1033/1091/1032 1055/1136/1054
f 1056/1137/1055 49/1139/48 48/1138/47 1055/1136/1054
f 50/1080/49 49/1140/48 1056/1141/1055 1027/1081/1026
f 1015/1060/1014 1014/1059/1013 223/229/222 52/52/51
f 1016/1061/1015 1015/1060/1014 52/52/51 51/51/50
f 1018/1064/1017 1019/1065/1018 209/1069/208 215/1066/214
f 224/230/223 1025/1077/1024 1024/1076/1023 285/293/284
f 1014/1059/1013 1025/1077/1024 224/230/223 223/229/222
f 1023/1072/1022 1026/1078/1025 337/1086/336 336/1079/335
f 1024/1076/1023 1027/1081/1026 724/765/723 285/293/284
f 1032/1090/1031 1031/1089/1030 676/711/675 363/372/362
f 1033/1091/1032 1032/1090/1031 363/372/362 362/371/361
f 1030/1084/1029 1034/1093/1033 349/1097/348 346/1094/345
f 1035/1095/1034 1034/1093/1033 1028/1082/1027 436/449/435
f 1036/1142/1035 1038/1108/1037 353/1107/352 351/1143/350
f 1039/1105/1038 1038/1108/1037 1037/1101/1036 489/509/488
f 1040/1109/1039 1042/1111/1041 355/1115/354 545/1112/544
f 1043/1113/1042 1042/1111/1041 1041/1110/1040 550/574/549
f 1044/1116/1043 1046/1118/1045 599/1122/598 598/1119/597
f 1047/1120/1046 1046/1118/1045 1045/1117/1044 605/632/604
f 1048/1123/1047 1050/1125/1049 360/1129/359 653/1126/652
f 1051/1127/1050 1050/1125/1049 1049/1124/1048 658/688/657
f 32/1133/31 1052/1130/1051 1054/1132/1053 673/1134/672
f 1031/1089/1030 1054/1132/1053 1053/1131/1052 676/711/675
f 1027/1081/1026 1056/1141/1055 699/1135/698 724/765/723
f 54/54/53 53/53/52 228/234/227 55/55/54
f 58/58/57 138/141/137 57/57/56 56/56/55
f 156/159/155 206/212/205 155/158/154 154/157/153
f 226/232/225 225/231/224 1057/1144/1056 227/233/226
f 273/279/272 335/344/334 205/211/204 204/209/203
f 225/231/224 286/294/285 723/764/722 1057/1144/1056
f 272/278/271 332/341/331 335/344/334 273/279/272
f 365/374/364 364/373/363 671/705/670 366/375/365
f 432/443/431 433/446/432 331/340/330 330/338/329
f 485/502/484 486/506/485 438/452/437 437/451/436
f 540/561/539 547/571/546 491/511/490 490/510/489
f 597/622/596 602/629/601 552/576/551 551/575/550
f 650/679/649 655/685/654 607/634/606 606/633/605
f 672/706/671 675/710/674 660/690/659 659/689/658
f 369/378/368 698/741/697 368/377/367 367/376/366
f 59/59/58 56/56/55 55/55/54 64/1145/63
f 157/160/156 154/157/153 137/139/136 136/140/135
f 229/1146/228 228/234/227 227/233/226 288/1147/287
f 55/55/54 228/234/227 229/1146/228 64/1145/63
f 288/1147/287 227/233/226 1057/1144/1056 290/1148/289
f 370/379/369 367/376/366 366/375/365 375/1149/374
f 366/375/365 671/705/670 670/704/669 375/1149/374
f 723/764/722 696/733/695 695/736/694 694/1150/693
f 1057/1144/1056 723/764/722 694/1150/693 290/1148/289
f 146/149/145 39/39/38 50/50/49 150/153/149
f 144/147/143 153/156/152 152/155/151 145/148/144
f 543/567/542 545/569/544 546/570/545 544/568/543
f 356/365/355 598/625/597 601/628/600 357/366/356
f 651/681/650 653/683/652 654/684/653 652/682/651
f 1058/1151/1057 857/898/856 856/897/855 1059/1152/1058
f 1060/1153/1059 1058/1151/1057 1059/1152/1058 715/1154/714
f 1061/1155/1060 714/1156/713 715/1154/714 1059/1152/1058
f 1061/1155/1060 1059/1152/1058 856/897/855 942/983/941
f 846/887/845 931/972/930 933/974/932 839/880/838
f 839/880/838 933/974/932 935/976/934 838/879/837
f 817/858/816 816/857/815 941/982/940 943/984/942
f 712/753/711 714/755/713 1062/1157/1061 1063/1158/1062 1064/1159/1063 1065/1160/1064 1066/1161/1065
f 712/753/711 1066/1161/1065 1067/1162/1066 709/750/708
f 709/750/708 1067/1162/1066 1068/1163/1067 706/747/705
f 706/747/705 1068/1163/1067 1069/1164/1068 704/745/703
f 705/746/704 704/745/703 1069/1164/1068 1070/1165/1069
f 1071/1166/1070 361/370/360 705/746/704 1070/1165/1069
f 361/370/360 1071/1166/1070 1072/1167/1071 359/368/358
f 359/368/358 1072/1167/1071 1073/1168/1072 654/684/653
f 654/684/653 1073/1168/1072 1074/1169/1073 652/682/651
f 652/682/651 1074/1169/1073 1075/1170/1074 600/627/599
f 600/627/599 1075/1170/1074 1076/1171/1075 601/628/600
f 357/366/356 601/628/600 1076/1171/1075 1077/1172/1076
f 357/366/356 1077/1172/1076 1078/1173/1077 358/367/357
f 358/367/357 1078/1173/1077 1079/1174/1078 546/570/545
f 544/568/543 546/570/545 1079/1174/1078 1080/1175/1079
f 544/568/543 1080/1175/1079 1081/1176/1080 354/363/353
f 354/363/353 1081/1176/1080 1082/1177/1081 352/361/351
f 347/356/346 352/361/351 1082/1177/1081 1083/1178/1082
f 347/356/346 1083/1178/1082 1084/1179/1083 348/357/347
f 348/357/347 1084/1179/1083 1085/1180/1084 343/352/342
f 343/352/342 1085/1180/1084 1086/1181/1085 344/353/343
f 344/353/343 1086/1181/1085 1087/1182/1086 338/347/337
f 338/347/337 1087/1182/1086 1088/1183/1087 339/348/338
f 339/348/338 1088/1183/1087 1089/1184/1088 341/350/340
f 342/351/341 341/350/340 1089/1184/1088 1090/1185/1089
f 1091/1186/1090 1092/1187/1091 1093/1188/1092 1094/1189/1093 1095/1190/1094 1060/1191/1059 342/351/341 1090/1185/1089
f 1060/1191/1059 715/756/714 213/219/212 212/218/211
f 342/351/341 1060/1191/1059 212/218/211 211/217/210
f 1096/1192/1095 1097/1193/1096 320/1194/319 319/1195/318
f 1098/1196/1097 1099/1197/1098 944/1198/943 971/1199/970
f 1100/1200/1099 945/1201/944 944/1198/943 1099/1197/1098
f 1096/1192/1095 319/1195/318 422/1202/421 1101/1203/1100
f 1102/1204/1101 1103/1205/1102 953/1206/952 952/1207/951
f 1104/1208/1103 1105/1209/1104 556/1210/555 557/1211/556
f 1106/1212/1105 587/1213/586 615/1214/614 1107/1215/1106
f 1108/1216/1107 955/1217/954 954/1218/953 1109/1219/1108
f 1104/1208/1103 557/1211/556 587/1213/586 1106/1212/1105
f 1109/1219/1108 954/1218/953 953/1206/952 1103/1205/1102
f 1110/1220/1109 446/1221/445 447/1222/446 1111/1223/1110
f 1112/1224/1111 946/1225/945 973/1226/972 1113/1227/1112
f 1101/1203/1100 422/1202/421 446/1221/445 1110/1220/1109
f 1113/1227/1112 973/1226/972 945/1201/944 1100/1200/1099
f 1112/1224/1111 1114/1228/1113 947/1229/946 946/1225/945
f 1115/1230/1114 1111/1223/1110 447/1222/446 475/1231/474
f 1108/1216/1107 1116/1232/1115 956/1233/955 955/1217/954
f 1117/1234/1116 1107/1215/1106 615/1214/614 616/1235/615
f 1118/1236/1117 642/1237/641 664/1238/663 1119/1239/1118
f 1120/1240/1119 958/1241/957 957/1242/956 1121/1243/1120
f 1117/1234/1116 616/1235/615 642/1237/641 1118/1236/1117
f 1121/1243/1120 957/1242/956 956/1233/955 1116/1232/1115
f 1122/1244/1121 500/1245/499 501/1246/500 1123/1247/1122
f 1124/1248/1123 949/1249/948 948/1250/947 1125/1251/1124
f 1115/1230/1114 475/1231/474 500/1245/499 1122/1244/1121
f 1125/1251/1124 948/1250/947 947/1229/946 1114/1228/1113
f 1126/1252/1125 188/1253/187 262/1254/261 1127/1255/1126
f 1128/1256/1127 972/1257/971 974/1258/973 1129/1259/1128
f 1130/1260/1129 1119/1239/1118 664/1238/663 665/1261/664
f 1120/1240/1119 1131/1262/1130 959/1263/958 958/1241/957
f 1132/1264/1131 1123/1247/1122 501/1246/500 502/1265/501
f 1124/1248/1123 1133/1266/1132 950/1267/949 949/1249/948
f 1126/1252/1125 1134/1268/1133 189/1269/188 188/1253/187
f 1135/1270/1134 1129/1259/1128 974/1258/973 975/1271/974
f 1136/1272/1135 382/1273/381 385/1274/384 1137/1275/1136
f 1138/1276/1137 961/1277/960 960/1278/959 1139/1279/1138
f 1130/1260/1129 665/1261/664 382/1273/381 1136/1272/1135
f 1139/1279/1138 960/1278/959 959/1263/958 1131/1262/1130
f 1140/1280/1139 529/1281/528 556/1210/555 1105/1209/1104
f 1102/1204/1101 952/1207/951 951/1282/950 1141/1283/1140
f 1132/1264/1131 502/1265/501 529/1281/528 1140/1280/1139
f 1141/1283/1140 951/1282/950 950/1267/949 1133/1266/1132
f 1142/1284/1141 1143/1285/1142 969/1286/968 977/1287/976
f 1144/1288/1143 1145/1289/1144 80/1290/79 81/1291/80
f 1146/1292/1145 1137/1275/1136 385/1274/384 386/1293/385
f 1138/1276/1137 1147/1294/1146 962/1295/961 961/1277/960
f 1148/1296/1147 964/1297/963 963/1298/962 1149/1299/1148
f 1150/1300/1149 688/1301/687 687/1302/686 1151/1303/1150
f 1152/1304/1151 1151/1303/1150 687/1302/686 294/1305/293
f 1148/1296/1147 1153/1306/1152 965/1307/964 964/1297/963
f 1154/1308/1153 967/1309/966 966/1310/965 1155/1311/1154
f 1156/1312/1155 297/1313/296 237/1314/236 1157/1315/1156
f 1158/1316/1157 1157/1315/1156 237/1314/236 77/1317/76
f 1154/1308/1153 1159/1318/1158 968/1319/967 967/1309/966
f 1144/1288/1143 81/1291/80 121/1320/120 1160/1321/1159
f 1161/1322/1160 970/1323/969 969/1286/968 1143/1285/1142
f 1146/1292/1145 386/1293/385 688/1301/687 1150/1300/1149
f 1149/1299/1148 963/1298/962 962/1295/961 1147/1294/1146
f 1162/1324/1161 976/1325/975 978/1326/977 1163/1327/1162
f 1164/1328/1163 120/1329/119 163/1330/162 1165/1331/1164
f 1165/1331/1164 163/1330/162 189/1269/188 1134/1268/1133
f 1135/1270/1134 975/1271/974 976/1325/975 1162/1324/1161
f 1152/1304/1151 294/1305/293 297/1332/296 1156/1333/1155
f 1155/1334/1154 966/1335/965 965/1307/964 1153/1306/1152
f 1127/1255/1126 262/1254/261 320/1194/319 1097/1193/1096
f 1098/1196/1097 971/1199/970 972/1257/971 1128/1256/1127
f 1158/1316/1157 77/1317/76 80/1290/79 1145/1289/1144
f 1142/1284/1141 977/1287/976 968/1319/967 1159/1318/1158
f 1160/1321/1159 121/1320/120 120/1329/119 1164/1328/1163
f 1163/1327/1162 978/1326/977 970/1323/969 1161/1322/1160
f 494/565/1165 542/562/1166 541/562/1167
f 541/562/1168 495/566/1169 494/565/1170
f 1166/1336/1171 1167/1337/1172 1099/1197/1098 1098/1196/1097
f 70/72/69 69/71/68 1167/1337/1172 1166/1336/1171
f 68/70/67 67/69/66 1097/1193/1096 1096/1192/1095
f 68/70/67 1096/1192/1095 1101/1203/1100 71/73/70
f 1168/1338/1173 1100/1200/1099 1099/1197/1098 1167/1337/1172
f 72/74/71 1168/1338/1173 1167/1337/1172 69/71/68
f 76/78/75 75/77/74 1105/1209/1104 1104/1208/1103
f 1169/1339/1174 1170/1340/1175 1103/1205/1102 1102/1204/1101
f 74/76/73 73/75/72 1170/1340/1175 1169/1339/1174
f 1171/1341/1176 1108/1216/1107 1109/1219/1108 1172/1342/1177
f 123/125/122 1171/1341/1176 1172/1342/1177 124/126/123
f 125/127/124 1106/1212/1105 1107/1215/1106 122/124/121
f 1172/1342/1177 1109/1219/1108 1103/1205/1102 1170/1340/1175
f 124/126/123 1172/1342/1177 1170/1340/1175 73/75/72
f 76/78/75 1104/1208/1103 1106/1212/1105 125/127/124
f 1173/1343/1178 1112/1224/1111 1113/1227/1112 1174/1344/1179
f 127/129/126 1173/1343/1178 1174/1344/1179 128/130/127
f 129/131/128 1110/1220/1109 1111/1223/1110 126/128/125
f 1174/1344/1179 1113/1227/1112 1100/1200/1099 1168/1338/1173
f 128/130/127 1174/1344/1179 1168/1338/1173 72/74/71
f 71/73/70 1101/1203/1100 1110/1220/1109 129/131/128
f 160/165/159 126/128/125 1111/1223/1110 1115/1230/1114
f 1173/1343/1178 1175/1345/1180 1114/1228/1113 1112/1224/1111
f 127/129/126 159/164/158 1175/1345/1180 1173/1343/1178
f 162/167/161 122/124/121 1107/1215/1106 1117/1234/1116
f 1171/1341/1176 1176/1346/1181 1116/1232/1115 1108/1216/1107
f 123/125/122 161/166/160 1176/1346/1181 1171/1341/1176
f 1177/1347/1182 1120/1240/1119 1121/1243/1120 1178/1348/1183
f 191/196/190 1177/1347/1182 1178/1348/1183 192/197/191
f 193/198/192 1118/1236/1117 1119/1239/1118 190/195/189
f 1178/1348/1183 1121/1243/1120 1116/1232/1115 1176/1346/1181
f 192/197/191 1178/1348/1183 1176/1346/1181 161/166/160
f 162/167/161 1117/1234/1116 1118/1236/1117 193/198/192
f 1179/1349/1184 1124/1248/1123 1125/1251/1124 1180/1350/1185
f 195/200/194 1179/1349/1184 1180/1350/1185 196/201/195
f 197/202/196 1122/1244/1121 1123/1247/1122 194/199/193
f 1180/1350/1185 1125/1251/1124 1114/1228/1113 1175/1345/1180
f 196/201/195 1180/1350/1185 1175/1345/1180 159/164/158
f 160/165/159 1115/1230/1114 1122/1244/1121 197/202/196
f 1181/1351/1186 1128/1256/1127 1129/1259/1128 1182/1352/1187
f 234/240/233 1181/1351/1186 1182/1352/1187 235/241/234
f 236/242/235 1126/1252/1125 1127/1255/1126 233/239/232
f 1177/1347/1182 1183/1353/1188 1131/1262/1130 1120/1240/1119
f 191/196/190 264/270/263 1183/1353/1188 1177/1347/1182
f 263/269/262 190/195/189 1119/1239/1118 1130/1260/1129
f 1179/1349/1184 1184/1354/1189 1133/1266/1132 1124/1248/1123
f 195/200/194 266/272/265 1184/1354/1189 1179/1349/1184
f 265/271/264 194/199/193 1123/1247/1122 1132/1264/1131
f 1185/1355/1190 1182/1352/1187 1129/1259/1128 1135/1270/1134
f 293/301/292 235/241/234 1182/1352/1187 1185/1355/1190
f 236/242/235 292/300/291 1134/1268/1133 1126/1252/1125
f 1186/1356/1191 1138/1276/1137 1139/1279/1138 1187/1357/1192
f 322/330/321 1186/1356/1191 1187/1357/1192 323/331/322
f 324/332/323 1136/1272/1135 1137/1275/1136 321/329/320
f 1187/1357/1192 1139/1279/1138 1131/1262/1130 1183/1353/1188
f 323/331/322 1187/1357/1192 1183/1353/1188 264/270/263
f 263/269/262 1130/1260/1129 1136/1272/1135 324/332/323
f 1169/1339/1174 1102/1204/1101 1141/1283/1140 1188/1358/1193
f 74/76/73 1169/1339/1174 1188/1358/1193 325/333/324
f 326/334/325 1140/1280/1139 1105/1209/1104 75/77/74
f 1188/1358/1193 1141/1283/1140 1133/1266/1132 1184/1354/1189
f 325/333/324 1188/1358/1193 1184/1354/1189 266/272/265
f 265/271/264 1132/1264/1131 1140/1280/1139 326/334/325
f 381/392/380 380/391/379 1145/1289/1144 1144/1288/1143
f 1189/1359/1194 1190/1360/1195 1143/1285/1142 1142/1284/1141
f 379/390/378 378/389/377 1190/1360/1195 1189/1359/1194
f 1186/1356/1191 1191/1361/1196 1147/1294/1146 1138/1276/1137
f 322/330/321 424/435/423 1191/1361/1196 1186/1356/1191
f 423/434/422 321/329/320 1137/1275/1136 1146/1292/1145
f 443/460/442 1150/1300/1149 1151/1303/1150 444/461/443
f 1192/1362/1197 1148/1296/1147 1149/1299/1148 1193/1363/1198
f 445/462/444 1192/1362/1197 1193/1363/1198 442/459/441
f 1192/1362/1197 1194/1364/1199 1153/1306/1152 1148/1296/1147
f 445/462/444 477/494/476 1194/1364/1199 1192/1362/1197
f 476/493/475 444/461/443 1151/1303/1150 1152/1304/1151
f 497/518/496 1156/1312/1155 1157/1315/1156 498/519/497
f 1195/1365/1200 1154/1308/1153 1155/1311/1154 1196/1366/1201
f 499/520/498 1195/1365/1200 1196/1366/1201 496/517/495
f 1195/1365/1200 1197/1367/1202 1159/1318/1158 1154/1308/1153
f 499/520/498 531/552/530 1197/1367/1202 1195/1365/1200
f 530/551/529 498/519/497 1157/1315/1156 1158/1316/1157
f 1198/1368/1203 1161/1322/1160 1143/1285/1142 1190/1360/1195
f 589/614/588 1198/1368/1203 1190/1360/1195 378/389/377
f 381/392/380 1144/1288/1143 1160/1321/1159 588/613/587
f 1193/1363/1198 1149/1299/1148 1147/1294/1146 1191/1361/1196
f 442/459/441 1193/1363/1198 1191/1361/1196 424/435/423
f 423/434/422 1146/1292/1145 1150/1300/1149 443/460/442
f 612/640/611 1164/1328/1163 1165/1331/1164 613/641/612
f 1199/1369/1204 1162/1324/1161 1163/1327/1162 1200/1370/1205
f 614/642/613 1199/1369/1204 1200/1370/1205 611/639/610
f 1185/1355/1190 1135/1270/1134 1162/1324/1161 1199/1369/1204
f 293/301/292 1185/1355/1190 1199/1369/1204 614/642/613
f 613/641/612 1165/1331/1164 1134/1268/1133 292/300/291
f 1196/1371/1201 1155/1334/1154 1153/1306/1152 1194/1364/1199
f 496/696/495 1196/1371/1201 1194/1364/1199 477/494/476
f 476/493/475 1152/1304/1151 1156/1333/1155 497/695/496
f 1166/1336/1171 1098/1196/1097 1128/1256/1127 1181/1351/1186
f 70/72/69 1166/1336/1171 1181/1351/1186 234/240/233
f 233/239/232 1127/1255/1126 1097/1193/1096 67/69/66
f 1189/1359/1194 1142/1284/1141 1159/1318/1158 1197/1367/1202
f 379/390/378 1189/1359/1194 1197/1367/1202 531/552/530
f 530/551/529 1158/1316/1157 1145/1289/1144 380/391/379
f 1200/1370/1205 1163/1327/1162 1161/1322/1160 1198/1368/1203
f 611/639/610 1200/1370/1205 1198/1368/1203 589/614/588
f 588/613/587 1160/1321/1159 1164/1328/1163 612/640/611
